"Path","LineNumber","Line"
"C:\BoB_General\과제와실습\userland\containers\asf\asf_reader.c","2105","      free(p_ctx->meta[i]);"
"C:\BoB_General\과제와실습\userland\containers\asf\asf_reader.c","2106","   if(p_ctx->meta_num) free(p_ctx->meta);"
"C:\BoB_General\과제와실습\userland\containers\asf\asf_reader.c","2112","   free(module);"
"C:\BoB_General\과제와실습\userland\containers\asf\asf_reader.c","2134","   module = malloc(sizeof(*module));"
"C:\BoB_General\과제와실습\userland\containers\asf\asf_writer.c","459","   free(module);"
"C:\BoB_General\과제와실습\userland\containers\asf\asf_writer.c","546","   module = malloc(sizeof(*module));"
"C:\BoB_General\과제와실습\userland\containers\asf\asf_writer.c","567","   free(module);"
"C:\BoB_General\과제와실습\userland\containers\avi\avi_reader.c","414","               memcpy(track->format->extradata, track->priv->drmdata, chunk_size);"
"C:\BoB_General\과제와실습\userland\containers\avi\avi_reader.c","1106","         memcpy(data, p_state->extra_chunk_data + p_state->extra_chunk_data_offs, len);"
"C:\BoB_General\과제와실습\userland\containers\avi\avi_reader.c","1325","   free(module);"
"C:\BoB_General\과제와실습\userland\containers\avi\avi_reader.c","1394","   if ((module = malloc(sizeof(*module))) == NULL)"
"C:\BoB_General\과제와실습\userland\containers\avi\avi_reader.c","1510","   if (module) free(module);"
"C:\BoB_General\과제와실습\userland\containers\avi\avi_writer.c","137","   memcpy(&chunk_id, track_num_buf, 2);"
"C:\BoB_General\과제와실습\userland\containers\avi\avi_writer.c","152","   memcpy(((uint8_t*)&chunk_id) + 2, track_num_buf, 2);"
"C:\BoB_General\과제와실습\userland\containers\avi\avi_writer.c","863","         memcpy(module->frame_packet.data, "
"C:\BoB_General\과제와실습\userland\containers\avi\avi_writer.c","877","            memcpy(module->frame_packet.data + module->frame_packet.size, "
"C:\BoB_General\과제와실습\userland\containers\avi\avi_writer.c","1022","   if(module->avi_frame_buffer) free(module->avi_frame_buffer);"
"C:\BoB_General\과제와실습\userland\containers\avi\avi_writer.c","1023","   free(module);"
"C:\BoB_General\과제와실습\userland\containers\avi\avi_writer.c","1116","   module = malloc(sizeof(*module));"
"C:\BoB_General\과제와실습\userland\containers\avi\avi_writer.c","1133","      module->avi_frame_buffer = malloc(AVI_FRAME_BUFFER_SIZE);"
"C:\BoB_General\과제와실습\userland\containers\avi\avi_writer.c","1160","      if(module->avi_frame_buffer) free(module->avi_frame_buffer);"
"C:\BoB_General\과제와실습\userland\containers\avi\avi_writer.c","1161","      free(module);"
"C:\BoB_General\과제와실습\userland\containers\binary\binary_reader.c","185","   free(module);"
"C:\BoB_General\과제와실습\userland\containers\binary\binary_reader.c","230","   module = malloc(sizeof(*module));"
"C:\BoB_General\과제와실습\userland\containers\binary\binary_writer.c","66","   free(module);"
"C:\BoB_General\과제와실습\userland\containers\binary\binary_writer.c","138","   module = malloc(sizeof(*module));"
"C:\BoB_General\과제와실습\userland\containers\core\containers.c","63","   p_ctx = malloc( sizeof(*p_ctx) + sizeof(*p_ctx->priv) + sizeof(*p_ctx->drm));"
"C:\BoB_General\과제와실습\userland\containers\core\containers.c","151","   p_ctx = malloc( sizeof(*p_ctx) + sizeof(*p_ctx->priv));"
"C:\BoB_General\과제와실습\userland\containers\core\containers.c","190","   if(p_ctx->priv->packetizer_buffer) free(p_ctx->priv->packetizer_buffer);"
"C:\BoB_General\과제와실습\userland\containers\core\containers.c","195","   for(i = 0; i < p_ctx->meta_num; i++) free(p_ctx->meta[i]);"
"C:\BoB_General\과제와실습\userland\containers\core\containers.c","196","   if(p_ctx->meta_num) free(p_ctx->meta);"
"C:\BoB_General\과제와실습\userland\containers\core\containers.c","198","   free(p_ctx);"
"C:\BoB_General\과제와실습\userland\containers\core\containers.c","469","         memcpy(p_track->priv->drmdata, p_drm_data, drm_data_size);"
"C:\BoB_General\과제와실습\userland\containers\core\containers.c","532","            p_ctx->priv->packetizer_buffer = malloc(PACKETIZER_BUFFER_SIZE);"
"C:\BoB_General\과제와실습\userland\containers\core\containers.c","570","   p_ctx = malloc(size);"
"C:\BoB_General\과제와실습\userland\containers\core\containers.c","587","      if(p_track->priv->extradata) free(p_track->priv->extradata);"
"C:\BoB_General\과제와실습\userland\containers\core\containers.c","588","      if(p_track->priv->drmdata) free(p_track->priv->drmdata);"
"C:\BoB_General\과제와실습\userland\containers\core\containers.c","589","      free(p_track);"
"C:\BoB_General\과제와실습\userland\containers\core\containers.c","606","      if(p_track->priv->extradata) free(p_track->priv->extradata);"
"C:\BoB_General\과제와실습\userland\containers\core\containers.c","607","      p_track->priv->extradata = malloc(extra_size);"
"C:\BoB_General\과제와실습\userland\containers\core\containers.c","630","      if(p_track->priv->drmdata) free(p_track->priv->drmdata);"
"C:\BoB_General\과제와실습\userland\containers\core\containers.c","631","      p_track->priv->drmdata = malloc(size);"
"C:\BoB_General\과제와실습\userland\containers\core\containers_bits.c","218","   memcpy(dst, src, sizeof(VC_CONTAINER_BITS_T));"
"C:\BoB_General\과제와실습\userland\containers\core\containers_bits.c","296","   memcpy(dst, bit_stream->buffer + 1, bytes_to_copy);"
"C:\BoB_General\과제와실습\userland\containers\core\containers_bytestream.h","198","      memcpy( data, packet->data + offset, copy );"
"C:\BoB_General\과제와실습\userland\containers\core\containers_bytestream.h","204","   memcpy( data, packet->data + offset, size );"
"C:\BoB_General\과제와실습\userland\containers\core\containers_bytestream.h","228","      memcpy( data, packet->data + offset, copy );"
"C:\BoB_General\과제와실습\userland\containers\core\containers_bytestream.h","233","   memcpy( data, packet->data + offset, size );"
"C:\BoB_General\과제와실습\userland\containers\core\containers_bytestream.h","266","      memcpy( data, packet->data + peek_offset, copy );"
"C:\BoB_General\과제와실습\userland\containers\core\containers_bytestream.h","271","   memcpy( data, packet->data + peek_offset, size );"
"C:\BoB_General\과제와실습\userland\containers\core\containers_filters.c","110","   p_ctx = malloc(sizeof(*p_ctx) + sizeof(*priv));"
"C:\BoB_General\과제와실습\userland\containers\core\containers_filters.c","124","   if(p_ctx) free(p_ctx);"
"C:\BoB_General\과제와실습\userland\containers\core\containers_filters.c","136","      free(p_ctx);"
"C:\BoB_General\과제와실습\userland\containers\core\containers_filters.c","183","   dl_name = malloc(dl_name_len);"
"C:\BoB_General\과제와실습\userland\containers\core\containers_filters.c","187","   entrypt_name = malloc(entrypt_name_len);"
"C:\BoB_General\과제와실습\userland\containers\core\containers_filters.c","190","      free(dl_name);"
"C:\BoB_General\과제와실습\userland\containers\core\containers_filters.c","209","   free(dl_name);"
"C:\BoB_General\과제와실습\userland\containers\core\containers_filters.c","210","   free(entrypt_name);"
"C:\BoB_General\과제와실습\userland\containers\core\containers_index.c","78","   id = malloc(sizeof(VC_CONTAINER_INDEX_T) + (sizeof(VC_CONTAINER_INDEX_POS_T)<<len));"
"C:\BoB_General\과제와실습\userland\containers\core\containers_index.c","97","   free(index);"
"C:\BoB_General\과제와실습\userland\containers\core\containers_io.c","131","   p_ctx = malloc( sizeof(*p_ctx) + sizeof(*private) + uri_length);"
"C:\BoB_General\과제와실습\userland\containers\core\containers_io.c","136","   memcpy((char *)p_ctx->uri, uri, uri_length);"
"C:\BoB_General\과제와실습\userland\containers\core\containers_io.c","187","      cache->mem = malloc(p_ctx->priv->caches.mem_size);"
"C:\BoB_General\과제와실습\userland\containers\core\containers_io.c","210","   if(p_ctx) free(p_ctx);"
"C:\BoB_General\과제와실습\userland\containers\core\containers_io.c","248","            free(p_ctx->priv->caches.mem);"
"C:\BoB_General\과제와실습\userland\containers\core\containers_io.c","251","            free(p_ctx->priv->cached_areas[i].mem);"
"C:\BoB_General\과제와실습\userland\containers\core\containers_io.c","257","      free(p_ctx);"
"C:\BoB_General\과제와실습\userland\containers\core\containers_io.c","474","   cache->mem = malloc(cache->mem_size);"
"C:\BoB_General\과제와실습\userland\containers\core\containers_io.c","488","      memcpy(cache->buffer, main_cache->buffer + main_cache->position, cache->size);"
"C:\BoB_General\과제와실습\userland\containers\core\containers_io.c","588","      memcpy(data + read, cache->buffer + cache->position, bytes);"
"C:\BoB_General\과제와실습\userland\containers\core\containers_io.c","642","         memcpy(cache->buffer + cache->position, data + written, bytes);"
"C:\BoB_General\과제와실습\userland\containers\core\containers_io.c","974","   ctx = malloc(sizeof(*ctx));"
"C:\BoB_General\과제와실습\userland\containers\core\containers_io.c","983","      ctx->mem[ctx->num_area] = malloc(io->priv->cache->mem_size);"
"C:\BoB_General\과제와실습\userland\containers\core\containers_io.c","1019","   if(ctx) free(ctx);"
"C:\BoB_General\과제와실습\userland\containers\core\containers_io.c","1038","      free(ctx->mem[--ctx->num_area]);"
"C:\BoB_General\과제와실습\userland\containers\core\containers_io.c","1040","   free(ctx);"
"C:\BoB_General\과제와실습\userland\containers\core\containers_io_helpers.c","150","      if(buffer) memcpy(buffer, &guid, sizeof(guid));"
"C:\BoB_General\과제와실습\userland\containers\core\containers_io_helpers.c","231","         memcpy(&guid, buffer, sizeof(guid));"
"C:\BoB_General\과제와실습\userland\containers\core\containers_list.c","101","   list = (VC_CONTAINERS_LIST_T *)malloc(sizeof(VC_CONTAINERS_LIST_T));"
"C:\BoB_General\과제와실습\userland\containers\core\containers_list.c","108","   list->entries = malloc(capacity * entry_size);"
"C:\BoB_General\과제와실습\userland\containers\core\containers_list.c","111","      free(list);"
"C:\BoB_General\과제와실습\userland\containers\core\containers_list.c","130","         free(list->entries);"
"C:\BoB_General\과제와실습\userland\containers\core\containers_list.c","131","      free(list);"
"C:\BoB_General\과제와실습\userland\containers\core\containers_list.c","164","         void *new_entries = realloc(list->entries, (list->size + 1) * entry_size);"
"C:\BoB_General\과제와실습\userland\containers\core\containers_list.c","174","         memmove(insert_ptr + entry_size, insert_ptr, (list->size - insert_idx) * entry_size);"
"C:\BoB_General\과제와실습\userland\containers\core\containers_list.c","180","   memcpy(insert_ptr, new_entry, list->entry_size);"
"C:\BoB_General\과제와실습\userland\containers\core\containers_list.c","196","   memcpy(entry, (const char *)list->entries + entry_size * index, entry_size);"
"C:\BoB_General\과제와실습\userland\containers\core\containers_loader.c","349","   if ((dl_name = malloc(dl_size)) == NULL)"
"C:\BoB_General\과제와실습\userland\containers\core\containers_loader.c","353","   if ((entrypt_name = malloc(ep_size)) == NULL)"
"C:\BoB_General\과제와실습\userland\containers\core\containers_loader.c","355","      free(dl_name);"
"C:\BoB_General\과제와실습\userland\containers\core\containers_loader.c","376","   free(entrypt_name);"
"C:\BoB_General\과제와실습\userland\containers\core\containers_loader.c","377","   free(dl_name);  "
"C:\BoB_General\과제와실습\userland\containers\core\containers_uri.c","236","   unescstr = (char *)malloc(unescaped_length(escstr, esclen) + 1);  /* Allow for NUL */"
"C:\BoB_General\과제와실습\userland\containers\core\containers_uri.c","247","      free(*p_dst);"
"C:\BoB_General\과제와실습\userland\containers\core\containers_uri.c","253","      *p_dst = (char *)malloc(str_size);"
"C:\BoB_General\과제와실습\userland\containers\core\containers_uri.c","257","      memcpy(*p_dst, src, str_size);"
"C:\BoB_General\과제와실습\userland\containers\core\containers_uri.c","269","      free(*str);"
"C:\BoB_General\과제와실습\userland\containers\core\containers_uri.c","412","            free(value);"
"C:\BoB_General\과제와실습\userland\containers\core\containers_uri.c","448","   queries = (VC_URI_QUERY_T *)malloc(query_count * sizeof(VC_URI_QUERY_T));"
"C:\BoB_General\과제와실습\userland\containers\core\containers_uri.c","638","            memmove(slash, slash + 2, strlen(slash + 2) + 1);"
"C:\BoB_General\과제와실습\userland\containers\core\containers_uri.c","674","               memmove(previous_segment, slash + 4, strlen(slash + 4) + 1);"
"C:\BoB_General\과제와실습\userland\containers\core\containers_uri.c","710","   p_uri = (VC_URI_PARTS_T *)malloc(sizeof(VC_URI_PARTS_T));"
"C:\BoB_General\과제와실습\userland\containers\core\containers_uri.c","743","      free(queries);"
"C:\BoB_General\과제와실습\userland\containers\core\containers_uri.c","757","   free(p_uri);"
"C:\BoB_General\과제와실습\userland\containers\core\containers_uri.c","1007","      queries = (VC_URI_QUERY_T *)realloc(p_uri->queries, (count + 1) * sizeof(VC_URI_QUERY_T));"
"C:\BoB_General\과제와실습\userland\containers\core\containers_uri.c","1009","      queries = (VC_URI_QUERY_T *)malloc(sizeof(VC_URI_QUERY_T));"
"C:\BoB_General\과제와실습\userland\containers\core\containers_uri.c","1084","      merged_path = (char *)malloc(len);"
"C:\BoB_General\과제와실습\userland\containers\core\containers_uri.c","1115","      free(merged_path);"
"C:\BoB_General\과제와실습\userland\containers\core\containers_utils.c","66","   private = malloc(sizeof(*private));"
"C:\BoB_General\과제와실습\userland\containers\core\containers_utils.c","77","      free(private);"
"C:\BoB_General\과제와실습\userland\containers\core\containers_utils.c","89","   if(private->extradata) free(private->extradata);"
"C:\BoB_General\과제와실습\userland\containers\core\containers_utils.c","90","   free(private);"
"C:\BoB_General\과제와실습\userland\containers\core\containers_utils.c","107","      if(private->extradata) free(private->extradata);"
"C:\BoB_General\과제와실습\userland\containers\core\containers_utils.c","108","      private->extradata = malloc(size);"
"C:\BoB_General\과제와실습\userland\containers\core\containers_utils.c","139","      memcpy(p_out->extradata, p_in->extradata, p_in->extradata_size);"
"C:\BoB_General\과제와실습\userland\containers\core\containers_utils.c","206","   memcpy(buffer+18, format->extradata, format->extradata_size);"
"C:\BoB_General\과제와실습\userland\containers\core\containers_utils.c","284","   memcpy(buffer + 16, &fourcc, 4);"
"C:\BoB_General\과제와실습\userland\containers\core\containers_utils.c","285","   memcpy(buffer + BITMAPINFOHEADER_SIZE_MAX, format->extradata, format->extradata_size);"
"C:\BoB_General\과제와실습\userland\containers\core\containers_utils.c","300","   memcpy(&fourcc, p + 16, 4);"
"C:\BoB_General\과제와실습\userland\containers\core\containers_writer_utils.c","63","   char *uri = malloc(length);"
"C:\BoB_General\과제와실습\userland\containers\core\containers_writer_utils.c","68","   free(uri);"
"C:\BoB_General\과제와실습\userland\containers\core\containers_writer_utils.c","88","   if(uri) free(uri);"
"C:\BoB_General\과제와실습\userland\containers\core\packetizers.c","57","      status = entry->open(p_ctx);"
"C:\BoB_General\과제와실습\userland\containers\core\packetizers.c","79","   p_ctx = malloc( sizeof(*p_ctx) + sizeof(*p_ctx->priv));"
"C:\BoB_General\과제와실습\userland\containers\core\packetizers.c","133","      if(packet->framework_data) free(packet);"
"C:\BoB_General\과제와실습\userland\containers\core\packetizers.c","136","   free(p_ctx);"
"C:\BoB_General\과제와실습\userland\containers\core\packetizers.c","163","         free(*in);"
"C:\BoB_General\과제와실습\userland\containers\core\packetizers.c","184","   new = malloc(sizeof(*packet) + packet->size);"
"C:\BoB_General\과제와실습\userland\containers\core\packetizers.c","196","   memcpy(new->data, packet->data, packet->size);"
"C:\BoB_General\과제와실습\userland\containers\dummy\dummy_writer.c","57","   free(module);"
"C:\BoB_General\과제와실습\userland\containers\dummy\dummy_writer.c","113","   module = malloc(sizeof(*module));"
"C:\BoB_General\과제와실습\userland\containers\flash\flv_reader.c","730","   free(module);"
"C:\BoB_General\과제와실습\userland\containers\flash\flv_reader.c","1023","   module = malloc(sizeof(*module));"
"C:\BoB_General\과제와실습\userland\containers\h264\avc1_packetizer.c","75","   free(p_ctx->priv->module);"
"C:\BoB_General\과제와실습\userland\containers\h264\avc1_packetizer.c","218","         memcpy(out->data + out->size, h264_start_code + sizeof(h264_start_code) -"
"C:\BoB_General\과제와실습\userland\containers\h264\avc1_packetizer.c","295","         memcpy(out + 4, extra, nal_size);"
"C:\BoB_General\과제와실습\userland\containers\h264\avc1_packetizer.c","320","   p_ctx->priv->module = module = malloc(sizeof(*module));"
"C:\BoB_General\과제와실습\userland\containers\h264\avc1_packetizer.c","329","      free(module);"
"C:\BoB_General\과제와실습\userland\containers\io\io_file.c","52","   free(module);"
"C:\BoB_General\과제와실습\userland\containers\io\io_file.c","119","   stream = fopen(uri, psz_mode);"
"C:\BoB_General\과제와실습\userland\containers\io\io_file.c","125","   module = malloc( sizeof(*module) );"
"C:\BoB_General\과제와실습\userland\containers\io\io_http.c","184","   if (sscanf(status_line, ""HTTP/%u.%u %u"", &major_version, &minor_version, &status_code) != 3)"
"C:\BoB_General\과제와실습\userland\containers\io\io_http.c","222","      sscanf(header.value, ""%""PRIu64, &content_length);"
"C:\BoB_General\과제와실습\userland\containers\io\io_http.c","563","   free(module);"
"C:\BoB_General\과제와실습\userland\containers\io\io_http.c","848","   module = calloc(1, sizeof(*module));"
"C:\BoB_General\과제와실습\userland\containers\io\io_net.c","138","   sprintf(filename, format, host_str, port_str, is_udp ? 'u' : 't');"
"C:\BoB_General\과제와실습\userland\containers\io\io_net.c","139","   stream = fopen(filename, ""wb"");"
"C:\BoB_General\과제와실습\userland\containers\io\io_net.c","231","   free(module);"
"C:\BoB_General\과제와실습\userland\containers\io\io_net.c","357","   module = (VC_CONTAINER_IO_MODULE_T *)malloc( sizeof(*module) );"
"C:\BoB_General\과제와실습\userland\containers\io\io_pktfile.c","87","   free(module);"
"C:\BoB_General\과제와실습\userland\containers\io\io_pktfile.c","184","   stream = fopen(path, psz_mode);"
"C:\BoB_General\과제와실습\userland\containers\io\io_pktfile.c","243","   module = malloc( sizeof(*module) );"
"C:\BoB_General\과제와실습\userland\containers\metadata\id3\id3_metadata_reader.c","79","   if((meta = malloc(sizeof(VC_CONTAINER_METADATA_T) + size)) == NULL)"
"C:\BoB_General\과제와실습\userland\containers\metadata\id3\id3_metadata_reader.c","85","   if((p_meta = realloc(p_ctx->meta, sizeof(VC_CONTAINER_METADATA_T *) * (p_ctx->meta_num + 1))) == NULL)"
"C:\BoB_General\과제와실습\userland\containers\metadata\id3\id3_metadata_reader.c","87","      free(meta);"
"C:\BoB_General\과제와실습\userland\containers\mkv\matroska_reader.c","1287","   for(i = 0; i < MKV_MAX_ENCODINGS; i++) free(track_module->encodings[i].data);"
"C:\BoB_General\과제와실습\userland\containers\mkv\matroska_reader.c","1493","         data = malloc((int)size);"
"C:\BoB_General\과제와실습\userland\containers\mkv\matroska_reader.c","2012","      memcpy(p_data, state->header_data, header_size);"
"C:\BoB_General\과제와실습\userland\containers\mkv\matroska_reader.c","2231","         free(p_ctx->tracks[i]->priv->module->encodings[j].data);"
"C:\BoB_General\과제와실습\userland\containers\mkv\matroska_reader.c","2234","   free(module);"
"C:\BoB_General\과제와실습\userland\containers\mkv\matroska_reader.c","2257","   module = malloc(sizeof(*module));"
"C:\BoB_General\과제와실습\userland\containers\mp4\mp4_reader.c","1208","   free(module);"
"C:\BoB_General\과제와실습\userland\containers\mp4\mp4_reader.c","1819","   module = malloc(sizeof(*module));"
"C:\BoB_General\과제와실습\userland\containers\mp4\mp4_writer.c","1162","   free(module);"
"C:\BoB_General\과제와실습\userland\containers\mp4\mp4_writer.c","1390","   module = malloc(sizeof(*module));"
"C:\BoB_General\과제와실습\userland\containers\mp4\mp4_writer.c","1430","      free(module);"
"C:\BoB_General\과제와실습\userland\containers\mpeg\ps_reader.c","1113","   free(module);"
"C:\BoB_General\과제와실습\userland\containers\mpeg\ps_reader.c","1148","   module = malloc(sizeof(*module));"
"C:\BoB_General\과제와실습\userland\containers\mpga\mpga_packetizer.c","85","   free(p_ctx->priv->module);"
"C:\BoB_General\과제와실습\userland\containers\mpga\mpga_packetizer.c","268","   p_ctx->priv->module = module = malloc(sizeof(*module));"
"C:\BoB_General\과제와실습\userland\containers\mpga\mpga_reader.c","458","   free(module);"
"C:\BoB_General\과제와실습\userland\containers\mpga\mpga_reader.c","492","   if ((module = malloc(sizeof(*module))) == NULL)"
"C:\BoB_General\과제와실습\userland\containers\mpga\mpga_reader.c","607","   if (module) free(module);"
"C:\BoB_General\과제와실습\userland\containers\mpgv\mpgv_packetizer.c","95","   free(p_ctx->priv->module);"
"C:\BoB_General\과제와실습\userland\containers\mpgv\mpgv_packetizer.c","416","   p_ctx->priv->module = module = malloc(sizeof(*module));"
"C:\BoB_General\과제와실습\userland\containers\net\net_sockets_common.c","153","   p_ctx = (VC_CONTAINER_NET_T *)malloc(sizeof(VC_CONTAINER_NET_T));"
"C:\BoB_General\과제와실습\userland\containers\net\net_sockets_common.c","247","         memcpy(&p_ctx->to_addr, p->ai_addr, p->ai_addrlen);"
"C:\BoB_General\과제와실습\userland\containers\net\net_sockets_common.c","289","   free(p_ctx);"
"C:\BoB_General\과제와실습\userland\containers\net\net_sockets_common.c","449","   p_client_ctx = (VC_CONTAINER_NET_T *)malloc(sizeof(VC_CONTAINER_NET_T));"
"C:\BoB_General\과제와실습\userland\containers\net\net_sockets_common.c","458","   memcpy(&p_client_ctx->to_addr, &p_server_ctx->to_addr, p_server_ctx->to_addr_len);"
"C:\BoB_General\과제와실습\userland\containers\net\net_sockets_common.c","484","      free(p_client_ctx);"
"C:\BoB_General\과제와실습\userland\containers\pcm\pcm_packetizer.c","75","   free(p_ctx->priv->module);"
"C:\BoB_General\과제와실습\userland\containers\pcm\pcm_packetizer.c","238","   p_ctx->priv->module = module = malloc(sizeof(*module));"
"C:\BoB_General\과제와실습\userland\containers\qsynth\qsynth_reader.c","222","   if((*seg = malloc(sizeof(QSYNTH_SEGMENT_T) + HEADER_LENGTH)) == NULL)"
"C:\BoB_General\과제와실습\userland\containers\qsynth\qsynth_reader.c","263","      if(len > (1<<20) || (*seg = malloc(sizeof(QSYNTH_SEGMENT_T) + 8 + len)) == NULL)"
"C:\BoB_General\과제와실습\userland\containers\qsynth\qsynth_reader.c","271","      memcpy((*seg)->data, dummy, 8);"
"C:\BoB_General\과제와실습\userland\containers\qsynth\qsynth_reader.c","354","      memcpy(packet->data, module->pass->data + module->sent, copy);"
"C:\BoB_General\과제와실습\userland\containers\qsynth\qsynth_reader.c","427","      free(seg);"
"C:\BoB_General\과제와실습\userland\containers\qsynth\qsynth_reader.c","430","   free(module);"
"C:\BoB_General\과제와실습\userland\containers\qsynth\qsynth_reader.c","447","   module = malloc(sizeof(*module));"
"C:\BoB_General\과제와실습\userland\containers\raw\raw_video_reader.c","132","      if (sscanf(module->option, ""W%i"", &value1) == 1)"
"C:\BoB_General\과제와실습\userland\containers\raw\raw_video_reader.c","134","      else if (sscanf(module->option, ""H%i"", &value1) == 1)"
"C:\BoB_General\과제와실습\userland\containers\raw\raw_video_reader.c","136","      else if (sscanf(module->option, ""S%i"", &value1) == 1)"
"C:\BoB_General\과제와실습\userland\containers\raw\raw_video_reader.c","138","      else if (sscanf(module->option, ""F%i:%i"", &value1, &value2) == 2)"
"C:\BoB_General\과제와실습\userland\containers\raw\raw_video_reader.c","143","      else if (sscanf(module->option, ""A%i:%i"", &value1, &value2) == 2)"
"C:\BoB_General\과제와실습\userland\containers\raw\raw_video_reader.c","150","         strcpy(codec, module->option+1);"
"C:\BoB_General\과제와실습\userland\containers\raw\raw_video_reader.c","169","      memcpy(&ctx->tracks[0]->format->codec, codec, 4);"
"C:\BoB_General\과제와실습\userland\containers\raw\raw_video_reader.c","194","      if (module->non_standard && sscanf(module->option, ""S%i"", &value1) == 1)"
"C:\BoB_General\과제와실습\userland\containers\raw\raw_video_reader.c","223","      matches = sscanf(uri+i, ""_C%4cW%iH%iF%i#%iS%i"", (char *)&codec,"
"C:\BoB_General\과제와실습\userland\containers\raw\raw_video_reader.c","355","   free(module);"
"C:\BoB_General\과제와실습\userland\containers\raw\raw_video_reader.c","385","   module = malloc(sizeof(*module));"
"C:\BoB_General\과제와실습\userland\containers\raw\raw_video_writer.c","153","   free(module);"
"C:\BoB_General\과제와실습\userland\containers\raw\raw_video_writer.c","241","   module = malloc(sizeof(*module));"
"C:\BoB_General\과제와실습\userland\containers\rcv\rcv_reader.c","98","   memcpy(module->extradata, dummy+8, 4);"
"C:\BoB_General\과제와실습\userland\containers\rcv\rcv_reader.c","106","   memcpy(header.struct_b, dummy+24, 8);"
"C:\BoB_General\과제와실습\userland\containers\rcv\rcv_reader.c","302","   free(module);"
"C:\BoB_General\과제와실습\userland\containers\rcv\rcv_reader.c","320","   module = malloc(sizeof(*module));"
"C:\BoB_General\과제와실습\userland\containers\rtp\rtp_h264.c","184","         memmove(&sprop[offset], &sprop[offset + 1], new_sprop_size - offset);"
"C:\BoB_General\과제와실습\userland\containers\rtp\rtp_h264.c","777","   extra = (H264_PAYLOAD_T *)malloc(sizeof(H264_PAYLOAD_T));"
"C:\BoB_General\과제와실습\userland\containers\rtp\rtp_mpeg4.c","745","   extra = (MP4_PAYLOAD_T *)malloc(sizeof(MP4_PAYLOAD_T));"
"C:\BoB_General\과제와실습\userland\containers\rtp\rtp_reader.c","1046","         free(payload_extra);"
"C:\BoB_General\과제와실습\userland\containers\rtp\rtp_reader.c","1051","   if (module) free(module);"
"C:\BoB_General\과제와실습\userland\containers\rtp\rtp_reader.c","1091","   module = (VC_CONTAINER_MODULE_T *)malloc(sizeof(VC_CONTAINER_MODULE_T));"
"C:\BoB_General\과제와실습\userland\containers\rtsp\rtsp_reader.c","386","   if (sscanf(status_line, ""RTSP/%u.%u %u"", &major_version, &minor_version, &status_code) != 3)"
"C:\BoB_General\과제와실습\userland\containers\rtsp\rtsp_reader.c","424","      sscanf(header.value, ""%u"", &content_length);"
"C:\BoB_General\과제와실습\userland\containers\rtsp\rtsp_reader.c","654","         if (sscanf(value, ""%u"", &timestamp_base) == 1)"
"C:\BoB_General\과제와실습\userland\containers\rtsp\rtsp_reader.c","662","         if (sscanf(value, ""%hu"", &sequence_number) == 1)"
"C:\BoB_General\과제와실습\userland\containers\rtsp\rtsp_reader.c","855","   sscanf(rtp_port, ""%hu"", &t_module->rtp_port);"
"C:\BoB_General\과제와실습\userland\containers\rtsp\rtsp_reader.c","935","   full_mime_type = (char *)malloc(strlen(t_module->media_type) + strlen(mime_sub_type) + 2);"
"C:\BoB_General\과제와실습\userland\containers\rtsp\rtsp_reader.c","942","   sprintf(full_mime_type, ""%s/%s"", t_module->media_type, mime_sub_type);"
"C:\BoB_General\과제와실습\userland\containers\rtsp\rtsp_reader.c","945","      free(full_mime_type);"
"C:\BoB_General\과제와실습\userland\containers\rtsp\rtsp_reader.c","949","   free(full_mime_type);"
"C:\BoB_General\과제와실습\userland\containers\rtsp\rtsp_reader.c","1057","      *p_merged_uri_str = (char *)malloc(len + 1);"
"C:\BoB_General\과제와실습\userland\containers\rtsp\rtsp_reader.c","1077","   *p_merged_uri_str = (char *)malloc(merged_size);"
"C:\BoB_General\과제와실습\userland\containers\rtsp\rtsp_reader.c","1117","      *p_control_uri_str = (char *)malloc(len + 1);"
"C:\BoB_General\과제와실습\userland\containers\rtsp\rtsp_reader.c","1146","   uri_buffer = (char *)malloc(uri_buffer_size);"
"C:\BoB_General\과제와실습\userland\containers\rtsp\rtsp_reader.c","1155","   free(uri_buffer);"
"C:\BoB_General\과제와실습\userland\containers\rtsp\rtsp_reader.c","1240","   new_path = (char *)calloc(1, len + RTP_PATH_EXTRA + 1);"
"C:\BoB_General\과제와실습\userland\containers\rtsp\rtsp_reader.c","1262","   free(new_path);"
"C:\BoB_General\과제와실습\userland\containers\rtsp\rtsp_reader.c","1268","   if (new_path) free(new_path);"
"C:\BoB_General\과제와실습\userland\containers\rtsp\rtsp_reader.c","1307","   memcpy(dst_format->language, src_format->language, sizeof(dst_format->language));"
"C:\BoB_General\과제와실습\userland\containers\rtsp\rtsp_reader.c","1320","      memcpy(dst_format->extradata, src_format->extradata, extradata_size);"
"C:\BoB_General\과제와실습\userland\containers\rtsp\rtsp_reader.c","1472","                  free(*track_control_uri);"
"C:\BoB_General\과제와실습\userland\containers\rtsp\rtsp_reader.c","1486","                  free(session_base_uri);"
"C:\BoB_General\과제와실습\userland\containers\rtsp\rtsp_reader.c","1500","      free(session_base_uri);"
"C:\BoB_General\과제와실습\userland\containers\rtsp\rtsp_reader.c","1622","   t_module->session_header = (char *)malloc(session_header_len + 1);"
"C:\BoB_General\과제와실습\userland\containers\rtsp\rtsp_reader.c","1804","      memcpy(p_packet, info, sizeof(*info));"
"C:\BoB_General\과제와실습\userland\containers\rtsp\rtsp_reader.c","1891","         free(t_module->control_uri);"
"C:\BoB_General\과제와실습\userland\containers\rtsp\rtsp_reader.c","1893","         free(t_module->session_header);"
"C:\BoB_General\과제와실습\userland\containers\rtsp\rtsp_reader.c","1901","         free(module->comms_buffer);"
"C:\BoB_General\과제와실습\userland\containers\rtsp\rtsp_reader.c","1904","      free(module);"
"C:\BoB_General\과제와실습\userland\containers\rtsp\rtsp_reader.c","1930","   if ((module = (VC_CONTAINER_MODULE_T *)malloc(sizeof(VC_CONTAINER_MODULE_T))) == NULL)"
"C:\BoB_General\과제와실습\userland\containers\rtsp\rtsp_reader.c","1943","   module->comms_buffer = (char *)calloc(1, COMMS_BUFFER_SIZE+1);"
"C:\BoB_General\과제와실습\userland\containers\rv9\rv9_reader.c","187","         memcpy(dest, module->data + module->frame_read, copy);"
"C:\BoB_General\과제와실습\userland\containers\rv9\rv9_reader.c","287","   free(module);"
"C:\BoB_General\과제와실습\userland\containers\rv9\rv9_reader.c","302","   module = malloc(sizeof(*module));"
"C:\BoB_General\과제와실습\userland\containers\simple\simple_reader.c","179","         if ((matches = sscanf(module->line,"
"C:\BoB_General\과제와실습\userland\containers\simple\simple_reader.c","188","         else if ((matches = sscanf(module->line,"
"C:\BoB_General\과제와실습\userland\containers\simple\simple_reader.c","200","         if ((matches = sscanf(module->line,"
"C:\BoB_General\과제와실습\userland\containers\simple\simple_reader.c","214","      if (sscanf(module->line, CONFIG_VARIANT"" %i"", &value) == 1)"
"C:\BoB_General\과제와실습\userland\containers\simple\simple_reader.c","220","      else if (sscanf(module->line, CONFIG_URI"" %s"", track->priv->module->uri) == 1)"
"C:\BoB_General\과제와실습\userland\containers\simple\simple_reader.c","223","      else if (sscanf(module->line, CONFIG_CODEC_VARIANT"" %4c"", (char *)&fourcc) == 1)"
"C:\BoB_General\과제와실습\userland\containers\simple\simple_reader.c","229","      else if (sscanf(module->line, CONFIG_BITRATE"" %i"", &value) == 1)"
"C:\BoB_General\과제와실습\userland\containers\simple\simple_reader.c","242","         sscanf(module->line, CONFIG_VIDEO_CROP"" %i, %i"", &width, &height) == 2)"
"C:\BoB_General\과제와실습\userland\containers\simple\simple_reader.c","250","         sscanf(module->line, CONFIG_VIDEO_ASPECT"" %i, %i"", &width, &height) == 2)"
"C:\BoB_General\과제와실습\userland\containers\simple\simple_reader.c","340","      if (sscanf(module->line, ""%u %u %""PRIi64"" %i"","
"C:\BoB_General\과제와실습\userland\containers\simple\simple_reader.c","342","           (track_num = 0, sscanf(module->line, ""%u %""PRIi64"" %i"","
"C:\BoB_General\과제와실습\userland\containers\simple\simple_reader.c","469","   free(module);"
"C:\BoB_General\과제와실습\userland\containers\simple\simple_reader.c","489","   module = malloc(sizeof(*module));"
"C:\BoB_General\과제와실습\userland\containers\simple\simple_reader.c","511","          (uri = malloc(strlen(ctx->priv->io->uri) +"
"C:\BoB_General\과제와실습\userland\containers\simple\simple_reader.c","516","         strcpy(uri, ctx->priv->io->uri);"
"C:\BoB_General\과제와실습\userland\containers\simple\simple_reader.c","522","         strcpy(end, track->priv->module->uri);"
"C:\BoB_General\과제와실습\userland\containers\simple\simple_reader.c","528","         free(uri);"
"C:\BoB_General\과제와실습\userland\containers\simple\simple_writer.c","250","   free(module);"
"C:\BoB_General\과제와실습\userland\containers\simple\simple_writer.c","326","   module = malloc(sizeof(*module));"
"C:\BoB_General\과제와실습\userland\containers\test\check_frame_int.c","73","   uint8_t *buffer = malloc(BUFFER_SIZE);"
"C:\BoB_General\과제와실습\userland\containers\test\check_frame_int.c","200","   free(buffer);"
"C:\BoB_General\과제와실습\userland\containers\test\crc_32.c","171","      if ((fin=fopen(name, ""rb""))==NULL)"
"C:\BoB_General\과제와실습\userland\containers\test\crc_32.c","173","      if ((fin=fopen(name, ""r""))==NULL)"
"C:\BoB_General\과제와실습\userland\containers\test\datagram_receiver.c","56","   buffer = (char *)malloc(buffer_size);"
"C:\BoB_General\과제와실습\userland\containers\test\datagram_sender.c","55","   buffer = (char *)malloc(buffer_size);"
"C:\BoB_General\과제와실습\userland\containers\test\dump_pktfile.c","74","   pktfile = fopen(argv[1], ""rb"");"
"C:\BoB_General\과제와실습\userland\containers\test\dump_pktfile.c","96","   buffer = (char *)malloc(PACKET_BUFFER_SIZE);"
"C:\BoB_General\과제와실습\userland\containers\test\dump_pktfile.c","106","      output_file = fopen(argv[2], ""wb"");"
"C:\BoB_General\과제와실습\userland\containers\test\dump_pktfile.c","145","   if (buffer) free(buffer);"
"C:\BoB_General\과제와실습\userland\containers\test\rtp_decoder.c","112","      sprintf(dump_str + 3 * in_row, ""%2.2X "", *buffer++);"
"C:\BoB_General\과제와실습\userland\containers\test\rtp_decoder.c","325","   buffer = (uint8_t *)malloc(MAXIMUM_BUFFER_SIZE);"
"C:\BoB_General\과제와실습\userland\containers\test\rtp_decoder.c","446","      free(buffer);"
"C:\BoB_General\과제와실습\userland\containers\test\stream_server.c","65","      sscanf(argv[2], ""%d"", &connections);"
"C:\BoB_General\과제와실습\userland\containers\test\stream_server.c","86","      strcpy(name, ""<unknown>"");"
"C:\BoB_General\과제와실습\userland\containers\test\test.c","82","   uint8_t *buffer = malloc(BUFFER_SIZE);"
"C:\BoB_General\과제와실습\userland\containers\test\test.c","109","      dump_file = fopen(psz_dump, ""wb"");"
"C:\BoB_General\과제와실습\userland\containers\test\test.c","112","      free(psz_dump);"
"C:\BoB_General\과제와실습\userland\containers\test\test.c","334","   free(buffer);"
"C:\BoB_General\과제와실습\userland\containers\test\test.c","596","   fd = fopen(psz_uri, ""rb"");"
"C:\BoB_General\과제와실습\userland\containers\test\test_uri.c","349","   built = (char *)malloc(built_len);"
"C:\BoB_General\과제와실습\userland\containers\test\test_uri.c","361","      free(built);"
"C:\BoB_General\과제와실습\userland\containers\test\test_uri.c","365","   free(built);"
"C:\BoB_General\과제와실습\userland\containers\wav\wav_reader.c","166","   free(module);"
"C:\BoB_General\과제와실습\userland\containers\wav\wav_reader.c","257","   module = malloc(sizeof(*module));"
"C:\BoB_General\과제와실습\userland\helpers\dtoverlay\dtoverlay.c","280","   ds->buf = malloc(initial_size);"
"C:\BoB_General\과제와실습\userland\helpers\dtoverlay\dtoverlay.c","295","      ds->buf = realloc(ds->buf, size);"
"C:\BoB_General\과제와실습\userland\helpers\dtoverlay\dtoverlay.c","322","      memcpy(ds->buf, src, len + 1);"
"C:\BoB_General\과제와실습\userland\helpers\dtoverlay\dtoverlay.c","339","         memmove(ds->buf + pos + len, ds->buf + pos + width,"
"C:\BoB_General\과제와실습\userland\helpers\dtoverlay\dtoverlay.c","343","      memcpy(ds->buf + pos, src, len);"
"C:\BoB_General\과제와실습\userland\helpers\dtoverlay\dtoverlay.c","355","   free(ds->buf);"
"C:\BoB_General\과제와실습\userland\helpers\dtoverlay\dtoverlay.c","1113","      strcpy(target_path + target_path_len, p);"
"C:\BoB_General\과제와실습\userland\helpers\dtoverlay\dtoverlay.c","1181","         overlay_copy = malloc(overlay_size);"
"C:\BoB_General\과제와실습\userland\helpers\dtoverlay\dtoverlay.c","1188","      memcpy(overlay_copy, overlay_dtb->fdt, overlay_size);"
"C:\BoB_General\과제와실습\userland\helpers\dtoverlay\dtoverlay.c","1189","      memcpy(&clone_dtb, overlay_dtb, sizeof(DTBLOB_T));"
"C:\BoB_General\과제와실습\userland\helpers\dtoverlay\dtoverlay.c","1215","      free(overlay_copy);"
"C:\BoB_General\과제와실습\userland\helpers\dtoverlay\dtoverlay.c","1388","      new_str = malloc(sizeof(*new_str) + strlen(name));"
"C:\BoB_General\과제와실습\userland\helpers\dtoverlay\dtoverlay.c","1396","            free(str);"
"C:\BoB_General\과제와실습\userland\helpers\dtoverlay\dtoverlay.c","1402","      strcpy(new_str->str, name);"
"C:\BoB_General\과제와실습\userland\helpers\dtoverlay\dtoverlay.c","1438","      free(str);"
"C:\BoB_General\과제와실습\userland\helpers\dtoverlay\dtoverlay.c","1664","             prop_buf = calloc(1, new_prop_len);"
"C:\BoB_General\과제와실습\userland\helpers\dtoverlay\dtoverlay.c","1671","                 memcpy(prop_buf, prop_val, prop_len);"
"C:\BoB_General\과제와실습\userland\helpers\dtoverlay\dtoverlay.c","1698","            free(prop_buf);"
"C:\BoB_General\과제와실습\userland\helpers\dtoverlay\dtoverlay.c","1708","               char *new_name = malloc(name_len + 1 + 16 + 1);"
"C:\BoB_General\과제와실습\userland\helpers\dtoverlay\dtoverlay.c","1711","               sprintf(new_name, ""%.*s@%x"", name_len, old_name, (uint32_t)override_int);"
"C:\BoB_General\과제와실습\userland\helpers\dtoverlay\dtoverlay.c","1713","               free(new_name);"
"C:\BoB_General\과제와실습\userland\helpers\dtoverlay\dtoverlay.c","1837","   data_buf = malloc(data_len);"
"C:\BoB_General\과제와실습\userland\helpers\dtoverlay\dtoverlay.c","1844","   memcpy(data_buf, override_data, data_len);"
"C:\BoB_General\과제와실습\userland\helpers\dtoverlay\dtoverlay.c","1859","      strcpy(target_value, override_value);"
"C:\BoB_General\과제와실습\userland\helpers\dtoverlay\dtoverlay.c","1888","         memcpy(prop_name, target_prop, name_len);"
"C:\BoB_General\과제와실습\userland\helpers\dtoverlay\dtoverlay.c","1899","   free(data_buf);"
"C:\BoB_General\과제와실습\userland\helpers\dtoverlay\dtoverlay.c","2101","            strcpy(override_value, literal_value);"
"C:\BoB_General\과제와실습\userland\helpers\dtoverlay\dtoverlay.c","2106","            sprintf(override_value, ""%d"", dtoverlay_read_u32(data, 0));"
"C:\BoB_General\과제와실습\userland\helpers\dtoverlay\dtoverlay.c","2135","         strcpy(override_value, ""okay"");"
"C:\BoB_General\과제와실습\userland\helpers\dtoverlay\dtoverlay.c","2141","         strcpy(override_value, ""disabled"");"
"C:\BoB_General\과제와실습\userland\helpers\dtoverlay\dtoverlay.c","2184","         memcpy(buf, data, len);"
"C:\BoB_General\과제와실습\userland\helpers\dtoverlay\dtoverlay.c","2202","         memcpy(buf, data, len);"
"C:\BoB_General\과제와실습\userland\helpers\dtoverlay\dtoverlay.c","2320","      prop_data = malloc(prop_len);"
"C:\BoB_General\과제와실습\userland\helpers\dtoverlay\dtoverlay.c","2321","      memcpy(prop_data, src_prop, prop_len);"
"C:\BoB_General\과제와실습\userland\helpers\dtoverlay\dtoverlay.c","2325","      free(prop_data);"
"C:\BoB_General\과제와실습\userland\helpers\dtoverlay\dtoverlay.c","2397","   fdt = malloc(max_size);"
"C:\BoB_General\과제와실습\userland\helpers\dtoverlay\dtoverlay.c","2410","   dtb = calloc(1, sizeof(DTBLOB_T));"
"C:\BoB_General\과제와실습\userland\helpers\dtoverlay\dtoverlay.c","2423","   free(fdt);"
"C:\BoB_General\과제와실습\userland\helpers\dtoverlay\dtoverlay.c","2425","      free(dtb->trailer);"
"C:\BoB_General\과제와실습\userland\helpers\dtoverlay\dtoverlay.c","2426","   free(dtb);"
"C:\BoB_General\과제와실습\userland\helpers\dtoverlay\dtoverlay.c","2462","      fdt = malloc(max_size);"
"C:\BoB_General\과제와실습\userland\helpers\dtoverlay\dtoverlay.c","2491","         dtb->trailer = malloc(dtb->trailer_len);"
"C:\BoB_General\과제와실습\userland\helpers\dtoverlay\dtoverlay.c","2498","         memcpy(dtb->trailer, (char *)fdt + dtb_len, dtb->trailer_len);"
"C:\BoB_General\과제와실습\userland\helpers\dtoverlay\dtoverlay.c","2505","   free(fdt);"
"C:\BoB_General\과제와실습\userland\helpers\dtoverlay\dtoverlay.c","2507","      free(dtb->trailer);"
"C:\BoB_General\과제와실습\userland\helpers\dtoverlay\dtoverlay.c","2508","   free(dtb);"
"C:\BoB_General\과제와실습\userland\helpers\dtoverlay\dtoverlay.c","2514","   FILE *fp = fopen(filename, ""rb"");"
"C:\BoB_General\과제와실습\userland\helpers\dtoverlay\dtoverlay.c","2610","    sprintf(map_file, ""%s%soverlay_map.dtb"", overlay_dir,"
"C:\BoB_General\과제와실습\userland\helpers\dtoverlay\dtoverlay.c","2612","    fp = fopen(map_file, ""rb"");"
"C:\BoB_General\과제와실습\userland\helpers\dtoverlay\dtoverlay.c","2692","   dtb = calloc(1, sizeof(DTBLOB_T));"
"C:\BoB_General\과제와실습\userland\helpers\dtoverlay\dtoverlay.c","2720","   FILE *fp = fopen(filename, ""wb"");"
"C:\BoB_General\과제와실습\userland\helpers\dtoverlay\dtoverlay.c","2764","      fdt = malloc(new_size);"
"C:\BoB_General\과제와실습\userland\helpers\dtoverlay\dtoverlay.c","2767","         memcpy(fdt, dtb->fdt, size);"
"C:\BoB_General\과제와실습\userland\helpers\dtoverlay\dtoverlay.c","2771","            free(dtb->fdt);"
"C:\BoB_General\과제와실습\userland\helpers\dtoverlay\dtoverlay.c","2805","         free(dtb->fdt);"
"C:\BoB_General\과제와실습\userland\helpers\dtoverlay\dtoverlay.c","2807","         free(dtb->trailer);"
"C:\BoB_General\과제와실습\userland\helpers\dtoverlay\dtoverlay.c","2808","      free(dtb);"
"C:\BoB_General\과제와실습\userland\host_applications\framework\common\ilcore.c","196","      pComp = (OMX_COMPONENTTYPE *)malloc(sizeof(OMX_COMPONENTTYPE));"
"C:\BoB_General\과제와실습\userland\host_applications\framework\common\ilcore.c","231","         free(pComp);"
"C:\BoB_General\과제와실습\userland\host_applications\framework\common\ilcore.c","272","      free(pComp);"
"C:\BoB_General\과제와실습\userland\host_applications\linux\apps\dtmerge\dtmerge.c","131","      strcpy(new_file, overlay_file);"
"C:\BoB_General\과제와실습\userland\host_applications\linux\apps\dtmerge\dtmerge.c","147","         memmove(overlay_name, new_name, len);"
"C:\BoB_General\과제와실습\userland\host_applications\linux\apps\dtmerge\dtmerge.c","148","         strcpy(overlay_name + len, "".dtbo"");"
"C:\BoB_General\과제와실습\userland\host_applications\linux\apps\dtoverlay\dtoverlay_main.c","393","    data = malloc(data_len);"
"C:\BoB_General\과제와실습\userland\host_applications\linux\apps\dtoverlay\dtoverlay_main.c","396","        memcpy(data, override_data, data_len);"
"C:\BoB_General\과제와실습\userland\host_applications\linux\apps\dtoverlay\dtoverlay_main.c","402","        free(data);"
"C:\BoB_General\과제와실습\userland\host_applications\linux\apps\dtoverlay\dtoverlay_main.c","539","        free(override);"
"C:\BoB_General\과제와실습\userland\host_applications\linux\apps\dtoverlay\dtoverlay_main.c","571","            sscanf(str, ""%8x"", &phandle);"
"C:\BoB_General\과제와실습\userland\host_applications\linux\apps\dtoverlay\dtoverlay_main.c","752","                    paramv = malloc((paramc + 1) * sizeof(const char *));"
"C:\BoB_General\과제와실습\userland\host_applications\linux\apps\dtoverlay\dtoverlay_main.c","769","                    free(paramv);"
"C:\BoB_General\과제와실습\userland\host_applications\linux\apps\dtoverlay\dtoverlay_main.c","1082","    FILE *fp = fopen(status_path, ""r"");"
"C:\BoB_General\과제와실습\userland\host_applications\linux\apps\dtoverlay\dtoverlay_main.c","1097","    return (sscanf(de->d_name, ""%d_"", &num) == 1);"
"C:\BoB_General\과제와실습\userland\host_applications\linux\apps\dtoverlay\dtoverlay_main.c","1114","    STATE_T *state = malloc(sizeof(STATE_T));"
"C:\BoB_General\과제와실습\userland\host_applications\linux\apps\dtoverlay\dtoverlay_main.c","1136","        free(state->namelist[i]);"
"C:\BoB_General\과제와실습\userland\host_applications\linux\apps\dtoverlay\dtoverlay_main.c","1138","    free(state->namelist);"
"C:\BoB_General\과제와실습\userland\host_applications\linux\apps\dtoverlay\dtoverlay_main.c","1139","    free(state);"
"C:\BoB_General\과제와실습\userland\host_applications\linux\apps\dtoverlay\utils.c","60","    FILE *fp = fopen(helpfile, ""r"");"
"C:\BoB_General\과제와실습\userland\host_applications\linux\apps\dtoverlay\utils.c","63","        state = calloc(1, sizeof(OVERLAY_HELP_STATE_T));"
"C:\BoB_General\과제와실습\userland\host_applications\linux\apps\dtoverlay\utils.c","77","    free(state);"
"C:\BoB_General\과제와실습\userland\host_applications\linux\apps\dtoverlay\utils.c","268","    ret = opt_dry_run ? 0 : system(cmd);"
"C:\BoB_General\과제와실습\userland\host_applications\linux\apps\dtoverlay\utils.c","293","    free(str);"
"C:\BoB_General\과제와실습\userland\host_applications\linux\apps\dtoverlay\utils.c","306","	    free(t);"
"C:\BoB_General\과제와실습\userland\host_applications\linux\apps\dtoverlay\utils.c","334","    str = malloc(sizeof(STRING_T) + len);"
"C:\BoB_General\과제와실습\userland\host_applications\linux\apps\dtoverlay\utils.c","338","    memcpy(str->data, scratch, len);"
"C:\BoB_General\과제와실습\userland\host_applications\linux\apps\dtoverlay\utils.c","384","	vec->strings = realloc(vec->strings, vec->max_strings * sizeof(const char *));"
"C:\BoB_General\과제와실습\userland\host_applications\linux\apps\dtoverlay\utils.c","391","	copy = malloc(len + 1);"
"C:\BoB_General\과제와실습\userland\host_applications\linux\apps\dtoverlay\utils.c","439","	free(vec->strings[i]);"
"C:\BoB_General\과제와실습\userland\host_applications\linux\apps\dtoverlay\utils.c","440","    free(vec->strings);"
"C:\BoB_General\과제와실습\userland\host_applications\linux\apps\dtoverlay\utils.c","467","    FILE *fp = fopen(path, ""r"");"
"C:\BoB_General\과제와실습\userland\host_applications\linux\apps\dtoverlay\utils.c","478","        string = malloc(len + 1);"
"C:\BoB_General\과제와실습\userland\host_applications\linux\apps\gencmd\gencmd.c","68","   file_desc = open(DEVICE_FILE_NAME, 0);"
"C:\BoB_General\과제와실습\userland\host_applications\linux\apps\gencmd\gencmd.c","103","   memcpy(p+i, command, len + 1);"
"C:\BoB_General\과제와실습\userland\host_applications\linux\apps\hello_pi\hello_audio\audio.c","95","      st = calloc(1, sizeof(AUDIOPLAY_STATE_T));"
"C:\BoB_General\과제와실습\userland\host_applications\linux\apps\hello_pi\hello_audio\audio.c","197","            free(st);"
"C:\BoB_General\과제와실습\userland\host_applications\linux\apps\hello_pi\hello_audio\audio.c","228","   free(st);"
"C:\BoB_General\과제와실습\userland\host_applications\linux\apps\hello_pi\hello_audio\audio.c","310","      strcpy((char *)ar_dest.sName, name);"
"C:\BoB_General\과제와실습\userland\host_applications\linux\apps\hello_pi\hello_dispmanx\dispmanx.c","103","    vars->image = calloc( 1, pitch * height );"
"C:\BoB_General\과제와실습\userland\host_applications\linux\apps\hello_pi\hello_encode\encode.c","238","   outf = fopen(outputfilename, ""w"");"
"C:\BoB_General\과제와실습\userland\host_applications\linux\apps\hello_pi\hello_fft\gpu_fft.c","87","    memcpy(ptr.arm.vptr, gpu_fft_shader_code(log2_N), code_bytes);"
"C:\BoB_General\과제와실습\userland\host_applications\linux\apps\hello_pi\hello_fft\gpu_fft_trans.c","66","    memcpy(ptr.arm.vptr, shader_trans, code_bytes);"
"C:\BoB_General\과제와실습\userland\host_applications\linux\apps\hello_pi\hello_fft\hello_fft_2d.c","61","    FILE *fp = fopen(""hello_fft_2d.bmp"", ""wb"");"
"C:\BoB_General\과제와실습\userland\host_applications\linux\apps\hello_pi\hello_fft\mailbox.c","49","   if ((mem_fd = open(""/dev/mem"", O_RDWR|O_SYNC) ) < 0) {"
"C:\BoB_General\과제와실습\userland\host_applications\linux\apps\hello_pi\hello_fft\mailbox.c","251","   file_desc = open(DEVICE_FILE_NAME, 0);"
"C:\BoB_General\과제와실습\userland\host_applications\linux\apps\hello_pi\hello_jpeg\jpeg.c","241","    decoder->imageResizer = malloc(sizeof(COMPONENT_DETAILS));"
"C:\BoB_General\과제와실습\userland\host_applications\linux\apps\hello_pi\hello_jpeg\jpeg.c","286","    decoder->imageDecoder = malloc(sizeof(COMPONENT_DETAILS));"
"C:\BoB_General\과제와실습\userland\host_applications\linux\apps\hello_pi\hello_jpeg\jpeg.c","357","	(OMX_BUFFERHEADERTYPE **) malloc(sizeof(void) *"
"C:\BoB_General\과제와실습\userland\host_applications\linux\apps\hello_pi\hello_jpeg\jpeg.c","406","    *pDecoder = malloc(sizeof(OPENMAX_JPEG_DECODER));"
"C:\BoB_General\과제와실습\userland\host_applications\linux\apps\hello_pi\hello_jpeg\jpeg.c","473","	memcpy(pBufHeader->pBuffer, sourceOffset, pBufHeader->nFilledLen);"
"C:\BoB_General\과제와실습\userland\host_applications\linux\apps\hello_pi\hello_jpeg\jpeg.c","676","    FILE           *fp = fopen(argv[1], ""rb"");"
"C:\BoB_General\과제와실습\userland\host_applications\linux\apps\hello_pi\hello_jpeg\jpeg.c","683","    sourceImage = malloc(imageSize);"
"C:\BoB_General\과제와실습\userland\host_applications\linux\apps\hello_pi\hello_jpeg\jpeg.c","694","    free(sourceImage);"
"C:\BoB_General\과제와실습\userland\host_applications\linux\apps\hello_pi\hello_mmal_encode\mmal_encode.c","173","   outFile = fopen(filename, ""w"");"
"C:\BoB_General\과제와실습\userland\host_applications\linux\apps\hello_pi\hello_teapot\models.c","92","   return malloc(size);"
"C:\BoB_General\과제와실습\userland\host_applications\linux\apps\hello_pi\hello_teapot\models.c","97","   free (p);"
"C:\BoB_General\과제와실습\userland\host_applications\linux\apps\hello_pi\hello_teapot\models.c","216","   fp = fopen(modelname, ""r"");"
"C:\BoB_General\과제와실습\userland\host_applications\linux\apps\hello_pi\hello_teapot\models.c","243","         if (sscanf(s, ""usemtl %s"", /*MAX_MATERIAL_NAME-1, */model->material[m->num_materials].name) == 1) {"
"C:\BoB_General\과제와실습\userland\host_applications\linux\apps\hello_pi\hello_teapot\models.c","246","                  strcpy(model->material[m->num_materials-1].name, model->material[m->num_materials].name);"
"C:\BoB_General\과제와실습\userland\host_applications\linux\apps\hello_pi\hello_teapot\models.c","257","         if (sscanf(s, ""v %f %f %f"", pv+0, pv+1, pv+2) == 3) {"
"C:\BoB_General\과제와실습\userland\host_applications\linux\apps\hello_pi\hello_teapot\models.c","259","         } else if (sscanf(s, ""vt %f %f"", pt+0, pt+1) == 2) {"
"C:\BoB_General\과제와실습\userland\host_applications\linux\apps\hello_pi\hello_teapot\models.c","261","         } else if (sscanf(s, ""vn %f %f %f"", pn+0, pn+1, pn+2) == 3) {"
"C:\BoB_General\과제와실습\userland\host_applications\linux\apps\hello_pi\hello_teapot\models.c","263","         } else if (i = sscanf(s, ""f"""" %hu//%hu %hu//%hu %hu//%hu %hu//%hu %hu//%hu %hu//%hu"""
"C:\BoB_General\과제와실습\userland\host_applications\linux\apps\hello_pi\hello_teapot\models.c","276","         } else if (i = sscanf(s, ""f"""" %hu/%hu %hu/%hu %hu/%hu %hu/%hu %hu/%hu %hu/%hu"""
"C:\BoB_General\과제와실습\userland\host_applications\linux\apps\hello_pi\hello_teapot\models.c","289","         } else if (i = sscanf(s, ""f"""" %hu/%hu/%hu %hu/%hu/%hu %hu/%hu/%hu %hu/%hu/%hu %hu/%hu/%hu %hu/%hu/%hu"""
"C:\BoB_General\과제와실습\userland\host_applications\linux\apps\hello_pi\hello_teapot\models.c","312","      memmove(line, end, valid - i);"
"C:\BoB_General\과제와실습\userland\host_applications\linux\apps\hello_pi\hello_teapot\models.c","330","   //memcpy((float *)m->data, (float *)m->data, m->numv * sizeof *qv); - nop"
"C:\BoB_General\과제와실습\userland\host_applications\linux\apps\hello_pi\hello_teapot\models.c","331","   memcpy((float *)m->data + m->numv, (float *)m->data + 3 * MAX_VERTICES, m->numt * sizeof *qt);"
"C:\BoB_General\과제와실습\userland\host_applications\linux\apps\hello_pi\hello_teapot\models.c","332","   memcpy((float *)m->data + m->numv + m->numt,(float *) m->data + (3 + 2) * MAX_VERTICES, m->numn * sizeof *qn);"
"C:\BoB_General\과제와실습\userland\host_applications\linux\apps\hello_pi\hello_teapot\models.c","333","   memcpy((float *)m->data + m->numv + m->numt + m->numn, (float *)m->data + (3 + 2 + 3) * MAX_VERTICES, m->numf * sizeof *qf);"
"C:\BoB_General\과제와실습\userland\host_applications\linux\apps\hello_pi\hello_teapot\models.c","346","   fp = fopen(modelname, ""r"");"
"C:\BoB_General\과제와실습\userland\host_applications\linux\apps\hello_pi\hello_teapot\models.c","364","   model = malloc(sizeof *model);"
"C:\BoB_General\과제와실습\userland\host_applications\linux\apps\hello_pi\hello_teapot\models.c","374","      strcpy(modelname_obj, modelname);"
"C:\BoB_General\과제와실습\userland\host_applications\linux\apps\hello_pi\hello_teapot\models.c","375","      strcat(modelname_obj, "".dat"");"
"C:\BoB_General\과제와실습\userland\host_applications\linux\apps\hello_pi\hello_teapot\models.c","386","      strcpy(modelname_obj, modelname);"
"C:\BoB_General\과제와실습\userland\host_applications\linux\apps\hello_pi\hello_teapot\models.c","387","      strcat(modelname_obj, "".dat"");"
"C:\BoB_General\과제와실습\userland\host_applications\linux\apps\hello_pi\hello_teapot\models.c","490","   WAVEFRONT_MODEL_T *model = malloc(sizeof *model);"
"C:\BoB_General\과제와실습\userland\host_applications\linux\apps\hello_pi\hello_teapot\video.c","91","   if((in = fopen(filename, ""rb"")) == NULL)"
"C:\BoB_General\과제와실습\userland\host_applications\linux\apps\hello_pi\hello_tiger\main.c","93","	PS* ps = (PS*)malloc(sizeof(PS));"
"C:\BoB_General\과제와실습\userland\host_applications\linux\apps\hello_pi\hello_tiger\main.c","128","	ps->m_paths = (PathData*)malloc(paths * sizeof(PathData));"
"C:\BoB_General\과제와실습\userland\host_applications\linux\apps\hello_pi\hello_tiger\main.c","129","	cmd = (unsigned char*)malloc(maxElements);"
"C:\BoB_General\과제와실습\userland\host_applications\linux\apps\hello_pi\hello_tiger\main.c","262","	free(cmd);"
"C:\BoB_General\과제와실습\userland\host_applications\linux\apps\hello_pi\hello_tiger\main.c","276","	free(ps->m_paths);"
"C:\BoB_General\과제와실습\userland\host_applications\linux\apps\hello_pi\hello_tiger\main.c","277","	free(ps);"
"C:\BoB_General\과제와실습\userland\host_applications\linux\apps\hello_pi\hello_triangle\triangle.c","464","   state->tex_buf1 = malloc(image_sz);"
"C:\BoB_General\과제와실습\userland\host_applications\linux\apps\hello_pi\hello_triangle\triangle.c","465","   state->tex_buf2 = malloc(image_sz);"
"C:\BoB_General\과제와실습\userland\host_applications\linux\apps\hello_pi\hello_triangle\triangle.c","466","   state->tex_buf3 = malloc(image_sz);"
"C:\BoB_General\과제와실습\userland\host_applications\linux\apps\hello_pi\hello_triangle\triangle.c","468","   tex_file1 = fopen(PATH ""Lucca_128_128.raw"", ""rb"");"
"C:\BoB_General\과제와실습\userland\host_applications\linux\apps\hello_pi\hello_triangle\triangle.c","476","   tex_file2 = fopen(PATH ""Djenne_128_128.raw"", ""rb"");"
"C:\BoB_General\과제와실습\userland\host_applications\linux\apps\hello_pi\hello_triangle\triangle.c","484","   tex_file3 = fopen(PATH ""Gaudi_128_128.raw"", ""rb"");"
"C:\BoB_General\과제와실습\userland\host_applications\linux\apps\hello_pi\hello_triangle\triangle.c","520","   free(state->tex_buf1);"
"C:\BoB_General\과제와실습\userland\host_applications\linux\apps\hello_pi\hello_triangle\triangle.c","521","   free(state->tex_buf2);"
"C:\BoB_General\과제와실습\userland\host_applications\linux\apps\hello_pi\hello_triangle\triangle.c","522","   free(state->tex_buf3);"
"C:\BoB_General\과제와실습\userland\host_applications\linux\apps\hello_pi\hello_triangle2\triangle2.c","456","       fd = open(""/dev/input/mouse0"",O_RDONLY|O_NONBLOCK);"
"C:\BoB_General\과제와실습\userland\host_applications\linux\apps\hello_pi\hello_video\video.c","52","   if((in = fopen(filename, ""rb"")) == NULL)"
"C:\BoB_General\과제와실습\userland\host_applications\linux\apps\hello_pi\hello_videocube\video.c","91","   if((in = fopen(filename, ""rb"")) == NULL)"
"C:\BoB_General\과제와실습\userland\host_applications\linux\apps\hello_pi\libs\ilclient\ilcore.c","159","      pComp = (OMX_COMPONENTTYPE *)malloc(sizeof(OMX_COMPONENTTYPE));"
"C:\BoB_General\과제와실습\userland\host_applications\linux\apps\hello_pi\libs\ilclient\ilcore.c","194","         free(pComp);"
"C:\BoB_General\과제와실습\userland\host_applications\linux\apps\hello_pi\libs\ilclient\ilcore.c","227","      free(pComp);"
"C:\BoB_General\과제와실습\userland\host_applications\linux\apps\hello_pi\libs\revision\revision.c","41","   fin = fopen(""/proc/cpuinfo"", ""rt"");"
"C:\BoB_General\과제와실습\userland\host_applications\linux\apps\hello_pi\libs\revision\revision.c","48","      if (sscanf(str, ""Revision : %x"", &revision_num) == 1)"
"C:\BoB_General\과제와실습\userland\host_applications\linux\apps\hello_pi\libs\vgfont\font.c","98","   sprintf(fname, ""%s/%s"", font_dir, default_font.file);"
"C:\BoB_General\과제와실습\userland\host_applications\linux\apps\hello_pi\libs\vgfont\font.c","99","   fd = open(fname, O_RDONLY);"
"C:\BoB_General\과제와실습\userland\host_applications\linux\apps\raspicam\gps.h","109","#define GBAS_PRN(n)	((n) >= 64 && ((n) <= 119))	/* Other GNSS (GLONASS) and Ground Based Augmentation System (eg WAAS)*/"
"C:\BoB_General\과제와실습\userland\host_applications\linux\apps\raspicam\gps.h","110","#define SBAS_PRN(n)	((n) >= 120 && ((n) <= 158))	/* Satellite Based Augmentation System (eg GAGAN)*/"
"C:\BoB_General\과제와실습\userland\host_applications\linux\apps\raspicam\RaspiCamControl.c","584","      sscanf(arg2, ""%d"", &params->sharpness);"
"C:\BoB_General\과제와실습\userland\host_applications\linux\apps\raspicam\RaspiCamControl.c","589","      sscanf(arg2, ""%d"", &params->contrast);"
"C:\BoB_General\과제와실습\userland\host_applications\linux\apps\raspicam\RaspiCamControl.c","594","      sscanf(arg2, ""%d"", &params->brightness);"
"C:\BoB_General\과제와실습\userland\host_applications\linux\apps\raspicam\RaspiCamControl.c","599","      sscanf(arg2, ""%d"", &params->saturation);"
"C:\BoB_General\과제와실습\userland\host_applications\linux\apps\raspicam\RaspiCamControl.c","604","      sscanf(arg2, ""%d"", &params->ISO);"
"C:\BoB_General\과제와실습\userland\host_applications\linux\apps\raspicam\RaspiCamControl.c","614","      sscanf(arg2, ""%d"", &params->exposureCompensation);"
"C:\BoB_General\과제와실습\userland\host_applications\linux\apps\raspicam\RaspiCamControl.c","639","      sscanf(arg2, ""%d:%d"", &params->colourEffects.u, &params->colourEffects.v);"
"C:\BoB_General\과제와실습\userland\host_applications\linux\apps\raspicam\RaspiCamControl.c","650","      sscanf(arg2, ""%d"", &params->rotation);"
"C:\BoB_General\과제와실습\userland\host_applications\linux\apps\raspicam\RaspiCamControl.c","669","      args = sscanf(arg2, ""%lf,%lf,%lf,%lf"", &x,&y,&w,&h);"
"C:\BoB_General\과제와실습\userland\host_applications\linux\apps\raspicam\RaspiCamControl.c","694","      sscanf(arg2, ""%d"", &params->shutter_speed);"
"C:\BoB_General\과제와실습\userland\host_applications\linux\apps\raspicam\RaspiCamControl.c","704","      args = sscanf(arg2, ""%lf,%lf"", &r,&b);"
"C:\BoB_General\과제와실습\userland\host_applications\linux\apps\raspicam\RaspiCamControl.c","737","      if (sscanf(arg2, ""%u%c"", &bitmask, &dummy) == 1)"
"C:\BoB_General\과제와실습\userland\host_applications\linux\apps\raspicam\RaspiCamControl.c","779","      sscanf(arg2, ""%u,%X,%X,%u,%u,%u"", &params->annotate_text_size,"
"C:\BoB_General\과제와실습\userland\host_applications\linux\apps\raspicam\RaspiCamControl.c","816","      args = sscanf(arg2, ""%lf"", &gain);"
"C:\BoB_General\과제와실습\userland\host_applications\linux\apps\raspicam\RaspiCamControl.c","833","      args = sscanf(arg2, ""%lf"", &gain);"
"C:\BoB_General\과제와실습\userland\host_applications\linux\apps\raspicam\RaspiCommonSettings.c","154","      if (sscanf(arg2, ""%u"", &state->width) == 1)"
"C:\BoB_General\과제와실습\userland\host_applications\linux\apps\raspicam\RaspiCommonSettings.c","159","      if (sscanf(arg2, ""%u"", &state->height) == 1)"
"C:\BoB_General\과제와실습\userland\host_applications\linux\apps\raspicam\RaspiCommonSettings.c","189","         state->filename = malloc(len + 10); // leave enough space for any timelapse generated changes to filename"
"C:\BoB_General\과제와실습\userland\host_applications\linux\apps\raspicam\RaspiCommonSettings.c","207","      if (sscanf(arg2, ""%u"", &state->cameraNum) == 1)"
"C:\BoB_General\과제와실습\userland\host_applications\linux\apps\raspicam\RaspiCommonSettings.c","214","      if (sscanf(arg2, ""%u"", &state->sensor_mode) == 1)"
"C:\BoB_General\과제와실습\userland\host_applications\linux\apps\raspicam\RaspiGPS.c","84","            memcpy(&gps_reader_data.gpsdata_cache, &gps_reader_data.gpsd.gpsdata,"
"C:\BoB_General\과제와실습\userland\host_applications\linux\apps\raspicam\RaspiHelpers.c","308","	int fd = open(""/dev/video0"", O_RDWR, 0);"
"C:\BoB_General\과제와실습\userland\host_applications\linux\apps\raspicam\RaspiPreview.c","248","      tmp = sscanf(arg2, ""%d,%d,%d,%d"","
"C:\BoB_General\과제와실습\userland\host_applications\linux\apps\raspicam\RaspiPreview.c","271","      if (sscanf(arg2, ""%u"", &params->opacity) != 1)"
"C:\BoB_General\과제와실습\userland\host_applications\linux\apps\raspicam\RaspiPreview.c","283","      if (sscanf(arg2, ""%d"", &params->display_num) != 1)"
"C:\BoB_General\과제와실습\userland\host_applications\linux\apps\raspicam\RaspiStill.c","439","         if (sscanf(argv[i + 1], ""%u"", &state->quality) == 1)"
"C:\BoB_General\과제와실습\userland\host_applications\linux\apps\raspicam\RaspiStill.c","461","            state->linkname = malloc(len + 10);"
"C:\BoB_General\과제와실습\userland\host_applications\linux\apps\raspicam\RaspiStill.c","475","         if (sscanf(argv[i + 1], ""%d"", &state->frameStart) == 1)"
"C:\BoB_General\과제와실습\userland\host_applications\linux\apps\raspicam\RaspiStill.c","494","         if (sscanf(argv[i + 1], ""%d"", &state->timeout) == 1)"
"C:\BoB_General\과제와실습\userland\host_applications\linux\apps\raspicam\RaspiStill.c","514","            sscanf(argv[i + 1], ""%d:%d:%d"","
"C:\BoB_General\과제와실습\userland\host_applications\linux\apps\raspicam\RaspiStill.c","528","            if (sscanf(argv[i + 1], ""%u"", &state->demoInterval) == 1)"
"C:\BoB_General\과제와실습\userland\host_applications\linux\apps\raspicam\RaspiStill.c","580","         if (sscanf(argv[i + 1], ""%u"", &state->timelapse) != 1)"
"C:\BoB_General\과제와실습\userland\host_applications\linux\apps\raspicam\RaspiStill.c","630","         if (sscanf(argv[i + 1], ""%u"", &state->restart_interval) == 1)"
"C:\BoB_General\과제와실습\userland\host_applications\linux\apps\raspicam\RaspiStill.c","1177","   MMAL_PARAMETER_EXIF_T *exif_param = (MMAL_PARAMETER_EXIF_T*)calloc(sizeof(MMAL_PARAMETER_EXIF_T) + MAX_EXIF_PAYLOAD_LENGTH, 1);"
"C:\BoB_General\과제와실습\userland\host_applications\linux\apps\raspicam\RaspiStill.c","1194","   free(exif_param);"
"C:\BoB_General\과제와실습\userland\host_applications\linux\apps\raspicam\RaspiStill.c","1392"," * On successful return, finalName and tempName point to malloc()ed strings"
"C:\BoB_General\과제와실습\userland\host_applications\linux\apps\raspicam\RaspiStill.c","1394"," * don't need free()ing.)"
"C:\BoB_General\과제와실습\userland\host_applications\linux\apps\raspicam\RaspiStill.c","1411","         free(*finalName);"
"C:\BoB_General\과제와실습\userland\host_applications\linux\apps\raspicam\RaspiStill.c","1627","      if (use_link) free(use_link);"
"C:\BoB_General\과제와실습\userland\host_applications\linux\apps\raspicam\RaspiStill.c","1628","      if (final_link) free(final_link);"
"C:\BoB_General\과제와실습\userland\host_applications\linux\apps\raspicam\RaspiStill.c","1861","                     output_file = fopen(use_filename, ""wb"");"
"C:\BoB_General\과제와실습\userland\host_applications\linux\apps\raspicam\RaspiStill.c","1956","                        free(text);"
"C:\BoB_General\과제와실습\userland\host_applications\linux\apps\raspicam\RaspiStill.c","2004","                  free(use_filename);"
"C:\BoB_General\과제와실습\userland\host_applications\linux\apps\raspicam\RaspiStill.c","2009","                  free(final_filename);"
"C:\BoB_General\과제와실습\userland\host_applications\linux\apps\raspicam\RaspiStillYUV.c","329","            state->linkname = malloc(len + 10);"
"C:\BoB_General\과제와실습\userland\host_applications\linux\apps\raspicam\RaspiStillYUV.c","343","         if (sscanf(argv[i + 1], ""%d"", &state->timeout) == 1)"
"C:\BoB_General\과제와실습\userland\host_applications\linux\apps\raspicam\RaspiStillYUV.c","357","         if (sscanf(argv[i + 1], ""%u"", &state->timelapse) != 1)"
"C:\BoB_General\과제와실습\userland\host_applications\linux\apps\raspicam\RaspiStillYUV.c","822"," * On successful return, finalName and tempName point to malloc()ed strings"
"C:\BoB_General\과제와실습\userland\host_applications\linux\apps\raspicam\RaspiStillYUV.c","824"," * don't need free()ing.)"
"C:\BoB_General\과제와실습\userland\host_applications\linux\apps\raspicam\RaspiStillYUV.c","841","         free(*finalName);"
"C:\BoB_General\과제와실습\userland\host_applications\linux\apps\raspicam\RaspiStillYUV.c","1048","      if (use_link) free(use_link);"
"C:\BoB_General\과제와실습\userland\host_applications\linux\apps\raspicam\RaspiStillYUV.c","1049","      if (final_link) free(final_link);"
"C:\BoB_General\과제와실습\userland\host_applications\linux\apps\raspicam\RaspiStillYUV.c","1224","                  output_file = fopen(use_filename, ""wb"");"
"C:\BoB_General\과제와실습\userland\host_applications\linux\apps\raspicam\RaspiStillYUV.c","1278","                     free(text);"
"C:\BoB_General\과제와실습\userland\host_applications\linux\apps\raspicam\RaspiStillYUV.c","1324","               free(use_filename);"
"C:\BoB_General\과제와실습\userland\host_applications\linux\apps\raspicam\RaspiStillYUV.c","1329","               free(final_filename);"
"C:\BoB_General\과제와실습\userland\host_applications\linux\apps\raspicam\RaspiTex.c","136","      tmp = sscanf(arg2, ""%d,%d,%d,%d"","
"C:\BoB_General\과제와실습\userland\host_applications\linux\apps\raspicam\RaspiTex.c","755","   free(buffer);"
"C:\BoB_General\과제와실습\userland\host_applications\linux\apps\raspicam\RaspiTexStub.c","118","      tmp = sscanf(arg2, ""%d,%d,%d,%d"","
"C:\BoB_General\과제와실습\userland\host_applications\linux\apps\raspicam\RaspiTexUtil.c","475","   *buffer = calloc(*buffer_size, 1);"
"C:\BoB_General\과제와실습\userland\host_applications\linux\apps\raspicam\RaspiTexUtil.c","489","      free(*buffer);"
"C:\BoB_General\과제와실습\userland\host_applications\linux\apps\raspicam\RaspiVid.c","605","         if (sscanf(argv[i + 1], ""%u"", &state->bitrate) == 1)"
"C:\BoB_General\과제와실습\userland\host_applications\linux\apps\raspicam\RaspiVid.c","616","         if (sscanf(argv[i + 1], ""%d"", &state->timeout) == 1)"
"C:\BoB_General\과제와실습\userland\host_applications\linux\apps\raspicam\RaspiVid.c","635","            if (sscanf(argv[i + 1], ""%u"", &state->demoInterval) == 1)"
"C:\BoB_General\과제와실습\userland\host_applications\linux\apps\raspicam\RaspiVid.c","657","         if (sscanf(argv[i + 1], ""%u"", &state->framerate) == 1)"
"C:\BoB_General\과제와실습\userland\host_applications\linux\apps\raspicam\RaspiVid.c","673","         if (sscanf(argv[i + 1], ""%u"", &state->intraperiod) == 1)"
"C:\BoB_General\과제와실습\userland\host_applications\linux\apps\raspicam\RaspiVid.c","682","         if (sscanf(argv[i + 1], ""%u"", &state->quantisationParameter) == 1)"
"C:\BoB_General\과제와실습\userland\host_applications\linux\apps\raspicam\RaspiVid.c","708","         if (sscanf(argv[i + 1], ""%u,%u"", &state->onTime, &state->offTime) == 2)"
"C:\BoB_General\과제와실습\userland\host_applications\linux\apps\raspicam\RaspiVid.c","759","         if (sscanf(argv[i + 1], ""%u"", &state->segmentSize) == 1)"
"C:\BoB_General\과제와실습\userland\host_applications\linux\apps\raspicam\RaspiVid.c","772","         if (sscanf(argv[i + 1], ""%u"", &state->segmentWrap) == 1)"
"C:\BoB_General\과제와실습\userland\host_applications\linux\apps\raspicam\RaspiVid.c","781","         if((sscanf(argv[i + 1], ""%u"", &state->segmentNumber) == 1) && (!state->segmentWrap || (state->segmentNumber <= state->segmentWrap)))"
"C:\BoB_General\과제와실습\userland\host_applications\linux\apps\raspicam\RaspiVid.c","808","            state->imv_filename = malloc(len + 1);"
"C:\BoB_General\과제와실습\userland\host_applications\linux\apps\raspicam\RaspiVid.c","837","            state->pts_filename = malloc(len + 1);"
"C:\BoB_General\과제와실습\userland\host_applications\linux\apps\raspicam\RaspiVid.c","883","            state->raw_filename = malloc(len + 1);"
"C:\BoB_General\과제와실습\userland\host_applications\linux\apps\raspicam\RaspiVid.c","913","         if ((sscanf(argv[i + 1], ""%d"", &state->slices) == 1) && (state->slices > 0))"
"C:\BoB_General\과제와실습\userland\host_applications\linux\apps\raspicam\RaspiVid.c","1037","         if(1 != sscanf(colon + 1, ""%hu"", &port))"
"C:\BoB_General\과제와실습\userland\host_applications\linux\apps\raspicam\RaspiVid.c","1123","         new_handle = fopen(filename, ""wb"");"
"C:\BoB_General\과제와실습\userland\host_applications\linux\apps\raspicam\RaspiVid.c","1136","      free(tempname);"
"C:\BoB_General\과제와실습\userland\host_applications\linux\apps\raspicam\RaspiVid.c","1182","      free(text);"
"C:\BoB_General\과제와실습\userland\host_applications\linux\apps\raspicam\RaspiVid.c","1243","               memcpy(pData->header_bytes + pData->header_wptr, buffer->data, buffer->length);"
"C:\BoB_General\과제와실습\userland\host_applications\linux\apps\raspicam\RaspiVid.c","1287","            memcpy(pData->cb_buff + pData->cb_wptr, buffer->data, copy_to_end);"
"C:\BoB_General\과제와실습\userland\host_applications\linux\apps\raspicam\RaspiVid.c","1288","            memcpy(pData->cb_buff, buffer->data + copy_to_end, copy_to_start);"
"C:\BoB_General\과제와실습\userland\host_applications\linux\apps\raspicam\RaspiVid.c","2723","               state.callback_data.cb_buff = (char *) malloc(count);"
"C:\BoB_General\과제와실습\userland\host_applications\linux\apps\raspicam\RaspiVidYUV.c","383","         if (sscanf(argv[i + 1], ""%d"", &state->timeout) == 1)"
"C:\BoB_General\과제와실습\userland\host_applications\linux\apps\raspicam\RaspiVidYUV.c","402","            if (sscanf(argv[i + 1], ""%u"", &state->demoInterval) == 1)"
"C:\BoB_General\과제와실습\userland\host_applications\linux\apps\raspicam\RaspiVidYUV.c","424","         if (sscanf(argv[i + 1], ""%u"", &state->framerate) == 1)"
"C:\BoB_General\과제와실습\userland\host_applications\linux\apps\raspicam\RaspiVidYUV.c","436","         if (sscanf(argv[i + 1], ""%u,%u"", &state->onTime, &state->offTime) == 2)"
"C:\BoB_General\과제와실습\userland\host_applications\linux\apps\raspicam\RaspiVidYUV.c","509","            state->pts_filename = malloc(len + 1);"
"C:\BoB_General\과제와실습\userland\host_applications\linux\apps\raspicam\RaspiVidYUV.c","604","         if(1 != sscanf(colon + 1, ""%hu"", &port))"
"C:\BoB_General\과제와실습\userland\host_applications\linux\apps\raspicam\RaspiVidYUV.c","690","         new_handle = fopen(filename, ""wb"");"
"C:\BoB_General\과제와실습\userland\host_applications\linux\apps\raspicam\RaspiVidYUV.c","781","            free(text);"
"C:\BoB_General\과제와실습\userland\host_applications\linux\apps\raspicam\tga.c","90","    FILE *fp = fopen(filename, ""r"");"
"C:\BoB_General\과제와실습\userland\host_applications\linux\apps\raspicam\tga.c","98","                image = malloc(buflen);"
"C:\BoB_General\과제와실습\userland\host_applications\linux\apps\raspicam\tga.c","104","                        free(image);"
"C:\BoB_General\과제와실습\userland\host_applications\linux\apps\raspicam\gl_scenes\models.c","93","   return malloc(size);"
"C:\BoB_General\과제와실습\userland\host_applications\linux\apps\raspicam\gl_scenes\models.c","98","   free (p);"
"C:\BoB_General\과제와실습\userland\host_applications\linux\apps\raspicam\gl_scenes\models.c","222","   fp = fopen(modelname, ""r"");"
"C:\BoB_General\과제와실습\userland\host_applications\linux\apps\raspicam\gl_scenes\models.c","249","         if (sscanf(s, ""usemtl %s"", /*MAX_MATERIAL_NAME-1, */model->material[m->num_materials].name) == 1) {"
"C:\BoB_General\과제와실습\userland\host_applications\linux\apps\raspicam\gl_scenes\models.c","252","                  strcpy(model->material[m->num_materials-1].name, model->material[m->num_materials].name);"
"C:\BoB_General\과제와실습\userland\host_applications\linux\apps\raspicam\gl_scenes\models.c","263","         if (sscanf(s, ""v %f %f %f"", pv+0, pv+1, pv+2) == 3) {"
"C:\BoB_General\과제와실습\userland\host_applications\linux\apps\raspicam\gl_scenes\models.c","265","         } else if (sscanf(s, ""vt %f %f"", pt+0, pt+1) == 2) {"
"C:\BoB_General\과제와실습\userland\host_applications\linux\apps\raspicam\gl_scenes\models.c","267","         } else if (sscanf(s, ""vn %f %f %f"", pn+0, pn+1, pn+2) == 3) {"
"C:\BoB_General\과제와실습\userland\host_applications\linux\apps\raspicam\gl_scenes\models.c","269","         } else if (i = sscanf(s, ""f"""" %hu//%hu %hu//%hu %hu//%hu %hu//%hu %hu//%hu %hu//%hu"""
"C:\BoB_General\과제와실습\userland\host_applications\linux\apps\raspicam\gl_scenes\models.c","282","         } else if (i = sscanf(s, ""f"""" %hu/%hu %hu/%hu %hu/%hu %hu/%hu %hu/%hu %hu/%hu"""
"C:\BoB_General\과제와실습\userland\host_applications\linux\apps\raspicam\gl_scenes\models.c","295","         } else if (i = sscanf(s, ""f"""" %hu/%hu/%hu %hu/%hu/%hu %hu/%hu/%hu %hu/%hu/%hu %hu/%hu/%hu %hu/%hu/%hu"""
"C:\BoB_General\과제와실습\userland\host_applications\linux\apps\raspicam\gl_scenes\models.c","318","      memmove(line, end, valid - i);"
"C:\BoB_General\과제와실습\userland\host_applications\linux\apps\raspicam\gl_scenes\models.c","336","   //memcpy((float *)m->data, (float *)m->data, m->numv * sizeof *qv); - nop"
"C:\BoB_General\과제와실습\userland\host_applications\linux\apps\raspicam\gl_scenes\models.c","337","   memcpy((float *)m->data + m->numv, (float *)m->data + 3 * MAX_VERTICES, m->numt * sizeof *qt);"
"C:\BoB_General\과제와실습\userland\host_applications\linux\apps\raspicam\gl_scenes\models.c","338","   memcpy((float *)m->data + m->numv + m->numt,(float *) m->data + (3 + 2) * MAX_VERTICES, m->numn * sizeof *qn);"
"C:\BoB_General\과제와실습\userland\host_applications\linux\apps\raspicam\gl_scenes\models.c","339","   memcpy((float *)m->data + m->numv + m->numt + m->numn, (float *)m->data + (3 + 2 + 3) * MAX_VERTICES, m->numf * sizeof *qf);"
"C:\BoB_General\과제와실습\userland\host_applications\linux\apps\raspicam\gl_scenes\models.c","352","   fp = fopen(modelname, ""r"");"
"C:\BoB_General\과제와실습\userland\host_applications\linux\apps\raspicam\gl_scenes\models.c","370","   model = malloc(sizeof *model);"
"C:\BoB_General\과제와실습\userland\host_applications\linux\apps\raspicam\gl_scenes\models.c","380","      strcpy(modelname_obj, modelname);"
"C:\BoB_General\과제와실습\userland\host_applications\linux\apps\raspicam\gl_scenes\models.c","381","      strcat(modelname_obj, "".dat"");"
"C:\BoB_General\과제와실습\userland\host_applications\linux\apps\raspicam\gl_scenes\models.c","392","      strcpy(modelname_obj, modelname);"
"C:\BoB_General\과제와실습\userland\host_applications\linux\apps\raspicam\gl_scenes\models.c","393","      strcat(modelname_obj, "".dat"");"
"C:\BoB_General\과제와실습\userland\host_applications\linux\apps\raspicam\gl_scenes\models.c","496","   WAVEFRONT_MODEL_T *model = malloc(sizeof *model);"
"C:\BoB_General\과제와실습\userland\host_applications\linux\apps\raspicam\gl_scenes\teapot.c","282","   state = calloc(1, sizeof(TEAPOT_STATE_T));"
"C:\BoB_General\과제와실습\userland\host_applications\linux\apps\raspicam\gl_scenes\teapot.c","318","      free(raspitex_state->scene_state);"
"C:\BoB_General\과제와실습\userland\host_applications\linux\apps\raspicam\gl_scenes\vcsm_square.c","168","    pixel_buffer = malloc(fb_width * fb_height * 4);"
"C:\BoB_General\과제와실습\userland\host_applications\linux\apps\raspicam\imv_examples\imv2pgm.c","52","   FILE *f = fopen(argv[1], ""rb"");"
"C:\BoB_General\과제와실습\userland\host_applications\linux\apps\raspicam\imv_examples\imv2pgm.c","56","   char *buffer = malloc(fsize + 1);"
"C:\BoB_General\과제와실습\userland\host_applications\linux\apps\raspicam\imv_examples\imv2pgm.c","70","   imv = malloc((mbx+1)*mby*sizeof(INLINE_MOTION_VECTOR));"
"C:\BoB_General\과제와실습\userland\host_applications\linux\apps\raspicam\imv_examples\imv2pgm.c","71","   memcpy ( &imv[0], &buffer[0], (mbx+1)*mby*sizeof(INLINE_MOTION_VECTOR) );"
"C:\BoB_General\과제와실습\userland\host_applications\linux\apps\raspicam\imv_examples\imv2pgm.c","76","   FILE *out = fopen(argv[4], ""w"");"
"C:\BoB_General\과제와실습\userland\host_applications\linux\apps\raspicam\imv_examples\imv2txt.c","51","   FILE *f = fopen(argv[1], ""rb"");"
"C:\BoB_General\과제와실습\userland\host_applications\linux\apps\raspicam\imv_examples\imv2txt.c","55","   char *buffer = malloc(fsize + 1);"
"C:\BoB_General\과제와실습\userland\host_applications\linux\apps\raspicam\imv_examples\imv2txt.c","69","   imv = malloc((mbx+1)*mby*sizeof(INLINE_MOTION_VECTOR));"
"C:\BoB_General\과제와실습\userland\host_applications\linux\apps\raspicam\imv_examples\imv2txt.c","70","   memcpy ( &imv[0], &buffer[0], (mbx+1)*mby*sizeof(INLINE_MOTION_VECTOR) );"
"C:\BoB_General\과제와실습\userland\host_applications\linux\apps\raspicam\imv_examples\imv2txt.c","75","   FILE *out = fopen(argv[4], ""w"");"
"C:\BoB_General\과제와실습\userland\host_applications\linux\apps\smem\smem.c","257","            if ( sscanf( optarg, ""%31s"", status_str ) != 1 )"
"C:\BoB_General\과제와실습\userland\host_applications\linux\apps\smem\smem.c","354","            memcpy ( usr_ptr_1,"
"C:\BoB_General\과제와실습\userland\host_applications\linux\apps\smem\smem.c","391","            memcpy ( usr_ptr_1,"
"C:\BoB_General\과제와실습\userland\host_applications\linux\apps\tvservice\tvservice.c","534","   if (siz == sizeof(buffer) && (fp = fopen(filename, ""wb"")) != NULL) {"
"C:\BoB_General\과제와실습\userland\host_applications\linux\apps\tvservice\tvservice.c","845","            int s = sscanf( optarg, ""%31s %u %31s"", group_str, &power_on_explicit_mode, drive_str );"
"C:\BoB_General\과제와실습\userland\host_applications\linux\apps\tvservice\tvservice.c","921","            int s = sscanf( optarg, ""%s %s %s"", mode_str, aspect_str, progressive_str );"
"C:\BoB_General\과제와실습\userland\host_applications\linux\apps\vcmailbox\vcmailbox.c","64","   file_desc = open(DEVICE_FILE_NAME, 0);"
"C:\BoB_General\과제와실습\userland\host_applications\linux\libs\bcm_host\bcm_host.c","139","   FILE *fp = fopen(filename, ""rb"");"
"C:\BoB_General\과제와실습\userland\host_applications\linux\libs\bcm_host\bcm_host.c","178","   fin = fopen(filename, ""rt"");"
"C:\BoB_General\과제와실습\userland\host_applications\linux\libs\bcm_host\bcm_host.c","187","         if (sscanf(str, format, value) == 1)"
"C:\BoB_General\과제와실습\userland\host_applications\linux\libs\debug_sym\debug_sym.c","161","    if (( memFd = open( filename, O_RDWR | O_SYNC )) < 0 )"
"C:\BoB_General\과제와실습\userland\host_applications\linux\libs\debug_sym\debug_sym.c","202","    if (( newHandle = calloc( 1, sizeof( *newHandle ))) == NULL )"
"C:\BoB_General\과제와실습\userland\host_applications\linux\libs\debug_sym\debug_sym.c","210","        newHandle->memFd = open( filename, O_RDWR | O_SYNC );"
"C:\BoB_General\과제와실습\userland\host_applications\linux\libs\debug_sym\debug_sym.c","223","                cmdlineFd = open( ""/proc/cmdline"", O_RDONLY );"
"C:\BoB_General\과제와실습\userland\host_applications\linux\libs\debug_sym\debug_sym.c","251","            newHandle->memFd = open( filename, O_RDWR | O_SYNC );"
"C:\BoB_General\과제와실습\userland\host_applications\linux\libs\debug_sym\debug_sym.c","257","        newHandle->memFd = open( filename, O_RDONLY | O_SYNC );"
"C:\BoB_General\과제와실습\userland\host_applications\linux\libs\debug_sym\debug_sym.c","263","        free(newHandle);"
"C:\BoB_General\과제와실습\userland\host_applications\linux\libs\debug_sym\debug_sym.c","283","            free(newHandle);"
"C:\BoB_General\과제와실습\userland\host_applications\linux\libs\debug_sym\debug_sym.c","290","            free(newHandle);"
"C:\BoB_General\과제와실습\userland\host_applications\linux\libs\debug_sym\debug_sym.c","304","            free(newHandle);"
"C:\BoB_General\과제와실습\userland\host_applications\linux\libs\debug_sym\debug_sym.c","318","                free(newHandle);"
"C:\BoB_General\과제와실습\userland\host_applications\linux\libs\debug_sym\debug_sym.c","433","    if (( newHandle->symbol = malloc( symTableSize )) == NULL )"
"C:\BoB_General\과제와실습\userland\host_applications\linux\libs\debug_sym\debug_sym.c","490","    free( newHandle );"
"C:\BoB_General\과제와실습\userland\host_applications\linux\libs\debug_sym\debug_sym.c","721","           memcpy( mapAddr + memOffset, buf, numBytes );"
"C:\BoB_General\과제와실습\userland\host_applications\linux\libs\debug_sym\debug_sym.c","725","           memcpy( buf, mapAddr + memOffset, numBytes );"
"C:\BoB_General\과제와실습\userland\host_applications\linux\libs\debug_sym\debug_sym.c","850","            free( (char *)vcHandle->symbol[i].label );"
"C:\BoB_General\과제와실습\userland\host_applications\linux\libs\debug_sym\debug_sym.c","851","    free( vcHandle->symbol );"
"C:\BoB_General\과제와실습\userland\host_applications\linux\libs\debug_sym\debug_sym.c","856","    free( vcHandle );"
"C:\BoB_General\과제와실습\userland\host_applications\linux\libs\sm\user-vcsm.c","291","      vcsm_handle = open( VCSM_CMA_DEVICE_NAME, O_RDWR, 0 );"
"C:\BoB_General\과제와실습\userland\host_applications\linux\libs\sm\user-vcsm.c","305","      vcsm_handle = open( VCSM_DEVICE_NAME, O_RDWR, 0 );"
"C:\BoB_General\과제와실습\userland\host_applications\linux\libs\sm\user-vcsm.c","311","      vcsm_handle = open( VCSM_CMA_DEVICE_NAME, O_RDWR, 0 );"
"C:\BoB_General\과제와실습\userland\host_applications\linux\libs\sm\user-vcsm.c","434","         memcpy ( alloc.name, name, 32 );"
"C:\BoB_General\과제와실습\userland\host_applications\linux\libs\sm\user-vcsm.c","522","         memcpy ( alloc.name, name, 32 );"
"C:\BoB_General\과제와실습\userland\host_applications\linux\libs\sm\user-vcsm.c","2150","   memcpy( &cache, s, sizeof cache );"
"C:\BoB_General\과제와실습\userland\host_applications\linux\libs\sm\user-vcsm.c","2193","      vcsm_s = (struct vc_sm_cma_ioctl_clean_invalid2 *)malloc(sizeof(*vcsm_s) + sizeof(struct vc_sm_cma_ioctl_clean_invalid_block)*s->op_count);"
"C:\BoB_General\과제와실습\userland\host_applications\linux\libs\sm\user-vcsm.c","2210","      free(vcsm_s);"
"C:\BoB_General\과제와실습\userland\host_applications\linux\libs\sm\user-vcsm.c","2260","         memcpy ( import.name, name, 32 );"
"C:\BoB_General\과제와실습\userland\host_applications\linux\libs\sm\user-vcsm.c","2349","         memcpy ( import.name, name, 32 );"
"C:\BoB_General\과제와실습\userland\host_applications\vmcs\test_apps\mmalcam\mmalcam.c","179","   return sscanf(str, ""%d,%d,%d,%d"", &rect->x, &rect->y, &rect->width, &rect->height) == 4;"
"C:\BoB_General\과제와실습\userland\host_applications\vmcs\test_apps\mmalcam\mmalcam.c","218","            if (sscanf(argv[i+1], ""%u"", &camcorder_behaviour.seconds_per_change) != 1) goto invalid_option;"
"C:\BoB_General\과제와실습\userland\host_applications\vmcs\test_apps\mmalcam\mmalcam.c","229","         if (sscanf(argv[i+1], ""%u"", &sleepy_time) != 1) goto invalid_option;"
"C:\BoB_General\과제와실습\userland\host_applications\vmcs\test_apps\mmalcam\mmalcam.c","234","         if (sscanf(argv[i+1], ""%u/%u"", &camcorder_behaviour.frame_rate.num, &camcorder_behaviour.frame_rate.den) == 0) goto invalid_option;"
"C:\BoB_General\과제와실습\userland\host_applications\vmcs\test_apps\mmalcam\mmalcam.c","241","         if (sscanf(argv[i+1], ""%u"", &camcorder_behaviour.bit_rate) == 0) goto invalid_option;"
"C:\BoB_General\과제와실습\userland\host_applications\vmcs\test_apps\mmalcam\mmalcam.c","245","         if (sscanf(argv[i+1], ""%u"", &camcorder_behaviour.focus_test) == 0) goto invalid_option;"
"C:\BoB_General\과제와실습\userland\host_applications\vmcs\test_apps\mmalcam\mmalcam.c","250","         if (sscanf(argv[i+1], ""%u"", &camcorder_behaviour.camera_num) == 0) goto invalid_option;"
"C:\BoB_General\과제와실습\userland\host_applications\vmcs\test_apps\mmalcam\viewfinder.c","345","   if (sscanf(vformat, ""%4ux%4u:%7s"", &width, &height, vcodec) != 3)"
"C:\BoB_General\과제와실습\userland\host_applications\vmcs\test_apps\mmalcam\viewfinder.c","489","      output = fopen(behaviour->uri, ""wb"");"
"C:\BoB_General\과제와실습\userland\host_applications\vmcs\test_apps\mmalplay\mmalplay.c","100","      memcpy(play_info[i].name, THREAD_PREFIX, sizeof(THREAD_PREFIX));"
"C:\BoB_General\과제와실습\userland\host_applications\vmcs\test_apps\mmalplay\mmalplay.c","233","   memcpy(fcc, name, MMAL_MIN(size, sizeof(fcc)));"
"C:\BoB_General\과제와실습\userland\host_applications\vmcs\test_apps\mmalplay\mmalplay.c","251","   if (sscanf(delim+1, ""%ux%u"", &value_u1, &value_u2) != 2)"
"C:\BoB_General\과제와실습\userland\host_applications\vmcs\test_apps\mmalplay\mmalplay.c","307","                  sscanf(argv[i], ""%f"", &value_f) == 1)"
"C:\BoB_General\과제와실습\userland\host_applications\vmcs\test_apps\mmalplay\mmalplay.c","334","         if (++i >= argc || sscanf(argv[i], ""%u"", &sleepy_time) != 1)"
"C:\BoB_General\과제와실습\userland\host_applications\vmcs\test_apps\mmalplay\mmalplay.c","339","         if (++i >= argc || sscanf(argv[i], ""%u"", &value_u1) != 1)"
"C:\BoB_General\과제와실습\userland\host_applications\vmcs\test_apps\mmalplay\mmalplay.c","427","            if (sscanf(argv[++i], ""%u"", &options.video_destination) != 1)"
"C:\BoB_General\과제와실습\userland\host_applications\vmcs\test_apps\mmalplay\playback.c","366","   ctx = malloc(sizeof(MMALPLAY_T));"
"C:\BoB_General\과제와실습\userland\host_applications\vmcs\test_apps\mmalplay\playback.c","373","      free(ctx);"
"C:\BoB_General\과제와실습\userland\host_applications\vmcs\test_apps\mmalplay\playback.c","581","   free(ctx);"
"C:\BoB_General\과제와실습\userland\host_applications\vmcs\test_apps\mmalplay\playback.c","957","   param = malloc(param_size);"
"C:\BoB_General\과제와실습\userland\host_applications\vmcs\test_apps\mmalplay\playback.c","1024","      free(param);"
"C:\BoB_General\과제와실습\userland\host_applications\vmcs\test_apps\mmalplay\playback.c","1047","   param = malloc(param_size);"
"C:\BoB_General\과제와실습\userland\host_applications\vmcs\test_apps\mmalplay\playback.c","1067","      free(param);"
"C:\BoB_General\과제와실습\userland\interface\khronos\common\khrn_client_rpc.h","403","      memcpy((uint8_t *)out + (i * len), in, len);"
"C:\BoB_General\과제와실습\userland\interface\khronos\common\khrn_client_rpc.h","415","      memcpy(out, (const uint8_t *)in + (i * len), len);"
"C:\BoB_General\과제와실습\userland\interface\khronos\common\khrn_client_vector.c","64","         memcpy(new_data, vector->data, vector->size);"
"C:\BoB_General\과제와실습\userland\interface\khronos\common\linux\khrn_client_platform_linux.c","412","   memcpy(aTrg, aSrc, aLength);"
"C:\BoB_General\과제와실습\userland\interface\khronos\common\linux\khrn_client_rpc_linux.c","344","   memcpy(thread->merge_buffer + thread->merge_pos, in, len);"
"C:\BoB_General\과제와실습\userland\interface\khronos\common\linux\khrn_client_rpc_linux.c","382","      memcpy(out, header->data, len);"
"C:\BoB_General\과제와실습\userland\interface\khronos\common\linux\khrn_client_rpc_linux.c","455","            memcpy(out, ctrl, len_io[0]);"
"C:\BoB_General\과제와실습\userland\interface\khronos\common\linux\khrn_client_rpc_linux.c","507","   if (thread->merge_pos == CLIENT_MAKE_CURRENT_SIZE && (memcpy(&data,thread->merge_buffer,sizeof(data)), data == EGLINTMAKECURRENT_ID))"
"C:\BoB_General\과제와실습\userland\interface\khronos\vg\vg_client.c","2960","      memcpy((VGubyte *)dst->segments.data + (dst->segments.size - segments_count), src->segments.data, segments_count);"
"C:\BoB_General\과제와실습\userland\interface\khronos\vg\vg_client.c","3017","      memcpy((VGubyte *)path->segments.data + (path->segments.size - segments_count), segments, segments_count);"
"C:\BoB_General\과제와실습\userland\interface\khronos\wf\wfc_client.c","569","      memcpy(&scene->context, &context_ptr->dynamic_attributes, sizeof(WFC_CONTEXT_DYNAMIC_ATTRIB_T));"
"C:\BoB_General\과제와실습\userland\interface\khronos\wf\wfc_client.c","2389","   memcpy(&scene->elements[scene->element_count++], &element_ptr->attributes, sizeof(WFC_ELEMENT_ATTRIB_T));"
"C:\BoB_General\과제와실습\userland\interface\khronos\wf\wfc_client_ipc.c","222","            memcpy(waiter->dest, response + 1, len);"
"C:\BoB_General\과제와실습\userland\interface\khronos\wf\wfc_client_server_api.c","196","   memcpy(&msg.scene, scene, sizeof(*scene));"
"C:\BoB_General\과제와실습\userland\interface\khronos\wf\wfc_client_server_api.c","320","   memcpy(&msg.info, info, copy_size);"
"C:\BoB_General\과제와실습\userland\interface\khronos\wf\wfc_client_server_api.c","395","         memcpy(rects, reply.rects, WFC_SERVER_STREAM_RECTS_SIZE * sizeof(*rects));"
"C:\BoB_General\과제와실습\userland\interface\khronos\wf\wfc_client_server_api.c","556","      memcpy(&msg.image, image, sizeof(msg.image));"
"C:\BoB_General\과제와실습\userland\interface\khronos\wf\wfc_client_server_api.c","635","         memcpy(info, &reply.info, copy_size);"
"C:\BoB_General\과제와실습\userland\interface\khronos\wf\wfc_client_stream.c","806","         memcpy(dest_rect, vc_rects, sizeof(dest_rect)); // Types are equivalent"
"C:\BoB_General\과제와실습\userland\interface\khronos\wf\wfc_client_stream.c","1003","            memcpy(&stream_ptr->info, &info, info.size);"
"C:\BoB_General\과제와실습\userland\interface\mmal\mmal.h","257","  * memcpy(format_in->extradata, YOUR_H264_CODEC_HEADER_BYTES, format_in->extradata_size);"
"C:\BoB_General\과제와실습\userland\interface\mmal\client\brcmjpeg\brcmjpeg.c","127","      *comp = calloc(sizeof(BRCMJPEG_T), 1);"
"C:\BoB_General\과제와실습\userland\interface\mmal\client\brcmjpeg\brcmjpeg.c","142","         free(comp);"
"C:\BoB_General\과제와실습\userland\interface\mmal\client\brcmjpeg\brcmjpeg.c","227","   free(ctx);"
"C:\BoB_General\과제와실습\userland\interface\mmal\client\brcmjpeg\brcmjpeg.c","907","         memcpy(data_out, data_in, width);"
"C:\BoB_General\과제와실습\userland\interface\mmal\client\brcmjpeg\brcmjpeg_test.c","69","            if (++arg >= argc || sscanf(argv[arg++], ""%u"", &count) != 1)"
"C:\BoB_General\과제와실습\userland\interface\mmal\client\brcmjpeg\brcmjpeg_test.c","74","            if (++arg >= argc || sscanf(argv[arg++], ""%u"", &format) != 1)"
"C:\BoB_General\과제와실습\userland\interface\mmal\client\brcmjpeg\brcmjpeg_test.c","159","        FILE *file_in = fopen(argv[i], ""rb"");"
"C:\BoB_General\과제와실습\userland\interface\mmal\client\brcmjpeg\brcmjpeg_test.c","165","        FILE *file_out = fopen(outFileName, ""wb+"");"
"C:\BoB_General\과제와실습\userland\interface\mmal\components\aaf_audio_render.cpp","182","      memcpy(dest, buffer->data + buffer->offset, bytes);"
"C:\BoB_General\과제와실습\userland\interface\mmal\components\aggregator.c","75","   memcpy(names, component_names, length);"
"C:\BoB_General\과제와실습\userland\interface\mmal\components\android_media_codec.cpp","220","      memcpy(inBuf->data(), in->data + in->offset, size);"
"C:\BoB_General\과제와실습\userland\interface\mmal\components\android_media_codec.cpp","411","         memcpy(dst, src, valid);"
"C:\BoB_General\과제와실습\userland\interface\mmal\components\android_media_codec.cpp","414","      memcpy(out->data, outBuf->data() + offset, size);"
"C:\BoB_General\과제와실습\userland\interface\mmal\components\avcodec_audio_decoder.c","159","      memcpy(module->codec_context->extradata, port->format->extradata,"
"C:\BoB_General\과제와실습\userland\interface\mmal\components\avcodec_audio_decoder.c","334","   memcpy(out->data, module->output, size);"
"C:\BoB_General\과제와실습\userland\interface\mmal\components\avcodec_video_decoder.c","135","      memcpy(module->codec_context->extradata, port->format->extradata,"
"C:\BoB_General\과제와실습\userland\interface\mmal\components\container_reader.c","285","      memcpy(format->extradata, container_format->extradata, format->extradata_size);"
"C:\BoB_General\과제와실습\userland\interface\mmal\components\copy.c","115","   memcpy(out->data, in->data + in->offset, in->length);"
"C:\BoB_General\과제와실습\userland\interface\mmal\components\scheduler.c","182","      memcpy(out->data, in->data + in->offset, in->length);"
"C:\BoB_General\과제와실습\userland\interface\mmal\components\sdl_audio_render.c","87","         memcpy(stream, buffer->data + buffer->offset, bytes);"
"C:\BoB_General\과제와실습\userland\interface\mmal\components\sdl_video_render.c","267","         memcpy(dst, src, width);"
"C:\BoB_General\과제와실습\userland\interface\mmal\components\spdif.c","239","   memcpy(out->data, ac3_spdif_header, sizeof(ac3_spdif_header));"
"C:\BoB_General\과제와실습\userland\interface\mmal\components\spdif.c","254","      memcpy(out->data + 8, in_data, in->length);"
"C:\BoB_General\과제와실습\userland\interface\mmal\core\mmal_component.c","100","   memcpy(component_name, name, name_length);"
"C:\BoB_General\과제와실습\userland\interface\mmal\core\mmal_events.c","131","   memcpy(buffer->data, event->data, event->length);"
"C:\BoB_General\과제와실습\userland\interface\mmal\core\mmal_format.c","97","      memcpy(fmt_dst->extradata, fmt_src->extradata, fmt_src->extradata_size);"
"C:\BoB_General\과제와실습\userland\interface\mmal\core\mmal_port_clock.c","111","   memcpy(&event, buffer->data, sizeof(MMAL_CLOCK_EVENT_T));"
"C:\BoB_General\과제와실습\userland\interface\mmal\core\mmal_port_clock.c","395","   memcpy(buffer->data, event, buffer->length);"
"C:\BoB_General\과제와실습\userland\interface\mmal\openmaxil\mmalomx_core.c","744","   buffer = calloc( 1, sizeof(*buffer) );"
"C:\BoB_General\과제와실습\userland\interface\mmal\openmaxil\mmalomx_core.c","864","   buffer = calloc( 1, sizeof(*buffer) );"
"C:\BoB_General\과제와실습\userland\interface\mmal\openmaxil\mmalomx_core.c","916","      free(buffer);"
"C:\BoB_General\과제와실습\userland\interface\mmal\openmaxil\mmalomx_core.c","966","   free(pBuffer);"
"C:\BoB_General\과제와실습\userland\interface\mmal\openmaxil\mmalomx_core.c","1106","   strcpy((char *)cRole, mmalomx_role_to_name(role));"
"C:\BoB_General\과제와실습\userland\interface\mmal\openmaxil\mmalomx_core.c","1146","   sprintf(cComponentName, ""%s%s"", prefix, name);"
"C:\BoB_General\과제와실습\userland\interface\mmal\openmaxil\mmalomx_core.c","1228","   component = calloc(1, sizeof(*component) + ports_num * sizeof(*component->ports));"
"C:\BoB_General\과제와실습\userland\interface\mmal\openmaxil\mmalomx_core.c","1238","      free(component);"
"C:\BoB_General\과제와실습\userland\interface\mmal\openmaxil\mmalomx_core.c","1245","      free(component);"
"C:\BoB_General\과제와실습\userland\interface\mmal\openmaxil\mmalomx_core.c","1393","   free(component);"
"C:\BoB_General\과제와실습\userland\interface\mmal\openmaxil\mmalomx_parameters.c","393","         memcpy(&param->common.nU32, &port->format_param.common.nU32,"
"C:\BoB_General\과제와실습\userland\interface\mmal\openmaxil\mmalomx_parameters.c","408","         memcpy(&param->common.nU32, &port->format_param.common.nU32,"
"C:\BoB_General\과제와실습\userland\interface\mmal\openmaxil\mmalomx_parameters.c","528","         memcpy(&port->format_param.common.nU32, &param->common.nU32,"
"C:\BoB_General\과제와실습\userland\interface\mmal\openmaxil\mmalomx_parameters.c","543","         memcpy(&port->format_param.common.nU32, &param->common.nU32,"
"C:\BoB_General\과제와실습\userland\interface\mmal\openmaxil\mmalomx_util_params.c","125","      memcpy(mmal_data, omx_data, size);"
"C:\BoB_General\과제와실습\userland\interface\mmal\openmaxil\mmalomx_util_params.c","127","      memcpy(omx_data, mmal_data, size);"
"C:\BoB_General\과제와실습\userland\interface\mmal\openmaxil\mmalomx_util_params_camera.c","370","      memcpy(mmal->effect_parameter, omx->nParams, sizeof(uint32_t) * omx->nNumParams);"
"C:\BoB_General\과제와실습\userland\interface\mmal\openmaxil\mmalomx_util_params_camera.c","378","      memcpy(omx->nParams, mmal->effect_parameter, sizeof(uint32_t) * omx->nNumParams);"
"C:\BoB_General\과제와실습\userland\interface\mmal\test\examples\example_basic_1.c","43","   source_file = fopen(uri, ""rb""); if (!source_file) goto error;"
"C:\BoB_General\과제와실습\userland\interface\mmal\test\examples\example_basic_1.c","128","      memcpy(format_in->extradata, codec_header_bytes, format_in->extradata_size);"
"C:\BoB_General\과제와실습\userland\interface\mmal\test\examples\example_basic_2.c","45","   source_file = fopen(uri, ""rb""); if (!source_file) goto error;"
"C:\BoB_General\과제와실습\userland\interface\mmal\test\examples\example_basic_2.c","192","      memcpy(format_in->extradata, codec_header_bytes, format_in->extradata_size);"
"C:\BoB_General\과제와실습\userland\interface\mmal\util\mmal_il.c","367","   memcpy(channel_mapping, default_mapping[nchannels],"
"C:\BoB_General\과제와실습\userland\interface\mmal\util\mmal_param_convert.c","161","   if (sscanf(str, ""%d*%d+%d+%d"", &w,&h,&x,&y) == 4 ||"
"C:\BoB_General\과제와실습\userland\interface\mmal\util\mmal_param_convert.c","162","       sscanf(str, ""%d*%d"", &w,&h) == 2)"
"C:\BoB_General\과제와실습\userland\interface\mmal\util\mmal_util.c","432","      memcpy(buf, src, 4);"
"C:\BoB_General\과제와실습\userland\interface\mmal\util\mmal_util_params.c","145","   param = calloc(1, param_size);"
"C:\BoB_General\과제와실습\userland\interface\mmal\util\mmal_util_params.c","151","   memcpy(param->str, value, strlen(value)+1);"
"C:\BoB_General\과제와실습\userland\interface\mmal\util\mmal_util_params.c","153","   free(param);"
"C:\BoB_General\과제와실습\userland\interface\mmal\util\mmal_util_params.c","171","   param = calloc(1, param_size);"
"C:\BoB_General\과제와실습\userland\interface\mmal\util\mmal_util_params.c","177","   memcpy(param->data, data, size);"
"C:\BoB_General\과제와실습\userland\interface\mmal\util\mmal_util_params.c","179","   free(param);"
"C:\BoB_General\과제와실습\userland\interface\mmal\vc\mmal_vc_api.c","628","      memcpy(msg->short_data, buffer->data + buffer->offset, buffer->length);"
"C:\BoB_General\과제와실습\userland\interface\mmal\vc\mmal_vc_api.c","986","      memcpy(port->format->extradata, reply.extradata, port->format->extradata_size);"
"C:\BoB_General\과제와실습\userland\interface\mmal\vc\mmal_vc_api.c","1012","   memcpy(msg.extradata, msg.format.extradata, msg.format.extradata_size);"
"C:\BoB_General\과제와실습\userland\interface\mmal\vc\mmal_vc_api.c","1054","      memcpy(port->format->extradata, reply.extradata, port->format->extradata_size);"
"C:\BoB_General\과제와실습\userland\interface\mmal\vc\mmal_vc_api.c","1134","   memcpy(&msg.param, param, param->size);"
"C:\BoB_General\과제와실습\userland\interface\mmal\vc\mmal_vc_api.c","1184","   memcpy(&msg.param, param, param->size);"
"C:\BoB_General\과제와실습\userland\interface\mmal\vc\mmal_vc_api.c","1218","      memcpy(param, &reply.param, param->size);"
"C:\BoB_General\과제와실습\userland\interface\mmal\vc\mmal_vc_api.c","1223","      memcpy(param, &reply.param, reply.param.size);"
"C:\BoB_General\과제와실습\userland\interface\mmal\vc\mmal_vc_api.c","1333","   strcpy(msg.name, basename);"
"C:\BoB_General\과제와실습\userland\interface\mmal\vc\mmal_vc_api_drm.c","74","   memcpy(into, reply.secret, 32);"
"C:\BoB_General\과제와실습\userland\interface\mmal\vc\mmal_vc_client.c","261","         memcpy(buffer->data, msg->data, msg->length);"
"C:\BoB_General\과제와실습\userland\interface\mmal\vc\mmal_vc_client.c","390","                  memcpy(dst->data, msg->short_data, msg->payload_in_message);"
"C:\BoB_General\과제와실습\userland\interface\mmal\vc\mmal_vc_client.c","431","            memcpy(waiter->dest, msg, len);"
"C:\BoB_General\과제와실습\userland\interface\mmal\vc\mmal_vc_dbglog.h","148","   memcpy(&entry->u.msg, header, sizeof(entry->u.msg)); \"
"C:\BoB_General\과제와실습\userland\interface\vchi\vchi_cfg_internal.h","62","// Lock-free(er) dequeuing"
"C:\BoB_General\과제와실습\userland\interface\vchiq_arm\vchiq_lib.c","933","         memcpy(data, service->peek_buf, service->peek_size);"
"C:\BoB_General\과제와실습\userland\interface\vchiq_arm\vchiq_lib.c","1443","         open(""/dev/vchiq"", O_RDWR) :"
"C:\BoB_General\과제와실습\userland\interface\vchiq_arm\vchiq_test.c","138","   int fd = open(""/dev/vc-cma"", O_RDWR);"
"C:\BoB_General\과제와실습\userland\interface\vchiq_arm\vchiq_test.c","307","      pointer = malloc(stack_size);"
"C:\BoB_General\과제와실습\userland\interface\vchiq_arm\vchiq_test.c","352","      bulk_bufs[i] = malloc(g_params.blocksize + BULK_ALIGN_SIZE - 1);"
"C:\BoB_General\과제와실습\userland\interface\vchiq_arm\vchiq_test.c","358","            free(bulk_bufs[--i]);"
"C:\BoB_General\과제와실습\userland\interface\vchiq_arm\vchiq_test.c","458","      free(bulk_bufs[i]);"
"C:\BoB_General\과제와실습\userland\interface\vchiq_arm\vchiq_test.c","488","      bulk_tx_data[i] = malloc(g_params.blocksize);"
"C:\BoB_General\과제와실습\userland\interface\vchiq_arm\vchiq_test.c","945","   char *ping_buf = malloc(size + sizeof(struct test_params));"
"C:\BoB_General\과제와실습\userland\interface\vchiq_arm\vchiq_test.c","1051","   free(ping_buf);"
"C:\BoB_General\과제와실습\userland\interface\vchiq_arm\vchiq_test.c","1061","   char *ping_buf = malloc(size + sizeof(struct test_params));"
"C:\BoB_General\과제와실습\userland\interface\vchiq_arm\vchiq_test.c","1190","   free(ping_buf);"
"C:\BoB_General\과제와실습\userland\interface\vchiq_arm\vchiq_test.c","1345","      if ((header_size >= 4) && (memcpy(&data, header->data, sizeof(data)), data == MSG_ECHO))"
"C:\BoB_General\과제와실습\userland\interface\vchiq_arm\vchiq_test.c","1745","   pointer = malloc(stack_size);"
"C:\BoB_General\과제와실습\userland\interface\vcos\vcos_string.h","123","char *vcos_strcpy(char *dst, const char *src) { return strcpy(dst, src); }"
"C:\BoB_General\과제와실습\userland\interface\vcos\vcos_string.h","129","void *vcos_memcpy(void *dst, const void *src, size_t n) {  memcpy(dst, src, n);  return dst;  }"
"C:\BoB_General\과제와실습\userland\interface\vcos\generic\vcos_cmd.c","660","        memcpy( new_cmd_entry, cmd_globals.cmd_entry, cmd_globals.num_cmd_entries * sizeof( *cmd_entry ));"
"C:\BoB_General\과제와실습\userland\interface\vcos\generic\vcos_generic_named_sem.c","176","         memcpy(new_impl->name, name, name_len + 1); /* already checked length! */"
"C:\BoB_General\과제와실습\userland\interface\vcos\glibc\vcos_backtrace.c","52","      free(names);"
"C:\BoB_General\과제와실습\userland\interface\vcos\pthreads\vcos_platform.h","809","   void *p = malloc(len);"
"C:\BoB_General\과제와실습\userland\interface\vcos\pthreads\vcos_platform.h","814","   return (char *)memcpy(p, str, len);"
"C:\BoB_General\과제와실습\userland\interface\vcos\pthreads\vcos_pthreads.c","331","      log_fhandle = fopen(log_fname, ""w"");"
"C:\BoB_General\과제와실습\userland\interface\vmcs_host\vcilcs.c","526","      memcpy(st->msg[i], msg, msg_len);"
"C:\BoB_General\과제와실습\userland\interface\vmcs_host\vcilcs.c","573","   memcpy(wait->resp, msg, copy);"
"C:\BoB_General\과제와실습\userland\interface\vmcs_host\vcilcs.c","867","   memcpy(&exe.bufferHeader, pBuffer, sizeof(OMX_BUFFERHEADERTYPE));"
"C:\BoB_General\과제와실습\userland\interface\vmcs_host\vcilcs.c","946","            memcpy(fixup.header, start, fixup.headerlen);"
"C:\BoB_General\과제와실습\userland\interface\vmcs_host\vcilcs.c","949","            memcpy(fixup.trailer, round_end, fixup.trailerlen);"
"C:\BoB_General\과제와실습\userland\interface\vmcs_host\vcilcs.c","997","   memcpy(pHeader, &exe->bufferHeader, sizeof(OMX_BUFFERHEADERTYPE));"
"C:\BoB_General\과제와실습\userland\interface\vmcs_host\vcilcs.c","1048","            memcpy(dest, fixup->header, fixup->headerlen);"
"C:\BoB_General\과제와실습\userland\interface\vmcs_host\vcilcs.c","1050","            memcpy(end-fixup->trailerlen, fixup->trailer, fixup->trailerlen);"
"C:\BoB_General\과제와실습\userland\interface\vmcs_host\vcilcs.c","1058","      memcpy(dest, buffer->buffer, exe->bufferLen);"
"C:\BoB_General\과제와실습\userland\interface\vmcs_host\vcilcs_in.c","80","      memcpy(ret->param, exe->param, size);"
"C:\BoB_General\과제와실습\userland\interface\vmcs_host\vcilcs_in.c","114","      memcpy(ret->param, exe->param, size);"
"C:\BoB_General\과제와실습\userland\interface\vmcs_host\vcilcs_in.c","163","      memcpy(&ret->bufferHeader, bufferHeader, sizeof(OMX_BUFFERHEADERTYPE));"
"C:\BoB_General\과제와실습\userland\interface\vmcs_host\vcilcs_in.c","236","   memcpy(pHeader, &exe->bufferHeader, sizeof(OMX_BUFFERHEADERTYPE));"
"C:\BoB_General\과제와실습\userland\interface\vmcs_host\vcilcs_out.c","150","   memcpy(pComponentUUID, resp.uuid, sizeof(OMX_UUIDTYPE));"
"C:\BoB_General\과제와실습\userland\interface\vmcs_host\vcilcs_out.c","237","   memcpy(exe.param, pComponentParameterStructure, size);"
"C:\BoB_General\과제와실습\userland\interface\vmcs_host\vcilcs_out.c","242","   memcpy(pComponentParameterStructure, resp.param, size);"
"C:\BoB_General\과제와실습\userland\interface\vmcs_host\vcilcs_out.c","274","   memcpy(exe.param, pComponentParameterStructure, size);"
"C:\BoB_General\과제와실습\userland\interface\vmcs_host\vcilcs_out.c","419","      memcpy(pHeader, &resp.bufferHeader, sizeof(OMX_BUFFERHEADERTYPE));"
"C:\BoB_General\과제와실습\userland\interface\vmcs_host\vcilcs_out.c","768","   strcpy(exe.name, component_name);"
"C:\BoB_General\과제와실습\userland\interface\vmcs_host\vcilcs_out.c","820","         memcpy(resp.portIndex, summary->portIndex, sizeof(OMX_U32) * 32);"
"C:\BoB_General\과제와실습\userland\interface\vmcs_host\vcilcs_out.c","885","   memcpy(pHeader, &exe->bufferHeader, sizeof(OMX_BUFFERHEADERTYPE));"
"C:\BoB_General\과제와실습\userland\interface\vmcs_host\vc_vchi_cecservice.c","747","      p += sprintf(p, ""0x%02X"",  (cecservice_client.logical_address << 4) | (follower & 0xF));"
"C:\BoB_General\과제와실습\userland\interface\vmcs_host\vc_vchi_cecservice.c","749","         p += sprintf(p, "" %02X"", payload[i]);"
"C:\BoB_General\과제와실습\userland\interface\vmcs_host\vc_vchi_cecservice.c","1099"," *       is actually free (see vc_cec_poll_address). Physical address used"
"C:\BoB_General\과제와실습\userland\interface\vmcs_host\vc_vchi_gencmd.c","335","         memcpy(response, gencmd_client.response_buffer+sizeof(int), (size_t) vcos_min((int)gencmd_client.response_length, (int)maxlen));"
"C:\BoB_General\과제와실습\userland\interface\vmcs_host\vc_vchi_gencmd.c","476","   retval = sscanf(value, ""0x%x"", (unsigned int*)number);"
"C:\BoB_General\과제와실습\userland\interface\vmcs_host\vc_vchi_gencmd.c","479","      retval = sscanf(value, ""%d"", number);"
"C:\BoB_General\과제와실습\userland\interface\vmcs_host\vc_vchi_tvservice.c","261","   memcpy(&tvservice_client.hdmi_options, &hdmi_default_display_options, sizeof(HDMI_DISPLAY_OPTIONS_T));"
"C:\BoB_General\과제와실습\userland\interface\vmcs_host\vc_vchi_tvservice.c","1354","         memcpy(supported_modes, cache->modes, modes_copied*sizeof(TV_SUPPORTED_MODE_NEW_T));"
"C:\BoB_General\과제와실습\userland\interface\vmcs_host\vc_vchi_tvservice.c","1546","   memcpy(param.key, key, HDCP_KEY_BLOCK_SIZE);"
"C:\BoB_General\과제와실습\userland\interface\vmcs_host\vc_vchi_tvservice.c","1611","   memcpy(param.manufacturer, manufacturer, TV_SPD_NAME_LEN);"
"C:\BoB_General\과제와실습\userland\interface\vmcs_host\vc_vchi_tvservice.c","1612","   memcpy(param.description, description, TV_SPD_DESC_LEN);"
"C:\BoB_General\과제와실습\userland\interface\vmcs_host\vc_vchi_tvservice.c","1758","      memcpy(&_property, property, sizeof(_property));"
"C:\BoB_General\과제와실습\userland\interface\vmcs_host\vc_vchi_tvservice.c","1831","   TV_SUPPORTED_MODE_NEW_T *supported_modes_new = malloc(max_supported_modes * sizeof *supported_modes_new);"
"C:\BoB_General\과제와실습\userland\interface\vmcs_host\vc_vchi_tvservice.c","1848","   free(supported_modes_new);"
"C:\BoB_General\과제와실습\userland\interface\vmcs_host\vc_vchi_tvservice.c","1877","         memcpy(id, &param, sizeof(TV_DEVICE_ID_T));"
"C:\BoB_General\과제와실습\userland\opensrc\helpers\libfdt\fdt.c","289","	memmove(buf, fdt, fdt_totalsize(fdt));"
"C:\BoB_General\과제와실습\userland\opensrc\helpers\libfdt\fdt_overlay.c","265","			memcpy(&adj_val, tree_val + poffset, sizeof(adj_val));"
"C:\BoB_General\과제와실습\userland\opensrc\helpers\libfdt\fdt_overlay.c","816","				memcpy(buf, target_path, len + 1);"
"C:\BoB_General\과제와실습\userland\opensrc\helpers\libfdt\fdt_overlay.c","822","		memcpy(buf + len + 1, rel_path, rel_path_len);"
"C:\BoB_General\과제와실습\userland\opensrc\helpers\libfdt\fdt_ro.c","548","				memcpy(buf + p, name, namelen);"
"C:\BoB_General\과제와실습\userland\opensrc\helpers\libfdt\fdt_rw.c","63","	memmove(p + newlen, p + oldlen, end - p - oldlen);"
"C:\BoB_General\과제와실습\userland\opensrc\helpers\libfdt\fdt_rw.c","137","	memcpy(new, s, len);"
"C:\BoB_General\과제와실습\userland\opensrc\helpers\libfdt\fdt_rw.c","239","	memcpy(namep, name, newlen+1);"
"C:\BoB_General\과제와실습\userland\opensrc\helpers\libfdt\fdt_rw.c","275","		memcpy(prop_data, val, len);"
"C:\BoB_General\과제와실습\userland\opensrc\helpers\libfdt\fdt_rw.c","296","		memcpy(prop->data + oldlen, val, len);"
"C:\BoB_General\과제와실습\userland\opensrc\helpers\libfdt\fdt_rw.c","301","		memcpy(prop->data, val, len);"
"C:\BoB_General\과제와실습\userland\opensrc\helpers\libfdt\fdt_rw.c","355","	memcpy(nh->name, name, namelen);"
"C:\BoB_General\과제와실습\userland\opensrc\helpers\libfdt\fdt_rw.c","390","	memmove(new + mem_rsv_off, old + fdt_off_mem_rsvmap(old), mem_rsv_size);"
"C:\BoB_General\과제와실습\userland\opensrc\helpers\libfdt\fdt_rw.c","393","	memmove(new + struct_off, old + fdt_off_dt_struct(old), struct_size);"
"C:\BoB_General\과제와실습\userland\opensrc\helpers\libfdt\fdt_rw.c","397","	memmove(new + strings_off, old + fdt_off_dt_strings(old),"
"C:\BoB_General\과제와실습\userland\opensrc\helpers\libfdt\fdt_rw.c","456","	memmove(buf, tmp, newsize);"
"C:\BoB_General\과제와실습\userland\opensrc\helpers\libfdt\fdt_sw.c","166","		memmove(buf, fdt, headsize);"
"C:\BoB_General\과제와실습\userland\opensrc\helpers\libfdt\fdt_sw.c","167","		memmove(newtail, oldtail, tailsize);"
"C:\BoB_General\과제와실습\userland\opensrc\helpers\libfdt\fdt_sw.c","169","		memmove(newtail, oldtail, tailsize);"
"C:\BoB_General\과제와실습\userland\opensrc\helpers\libfdt\fdt_sw.c","170","		memmove(buf, fdt, headsize);"
"C:\BoB_General\과제와실습\userland\opensrc\helpers\libfdt\fdt_sw.c","224","	memcpy(nh->name, name, namelen);"
"C:\BoB_General\과제와실습\userland\opensrc\helpers\libfdt\fdt_sw.c","254","	memcpy(strtab + offset, s, len);"
"C:\BoB_General\과제와실습\userland\opensrc\helpers\libfdt\fdt_sw.c","325","	memcpy(ptr, val, len);"
"C:\BoB_General\과제와실습\userland\opensrc\helpers\libfdt\fdt_sw.c","348","	memmove(p + newstroffset, p + oldstroffset, fdt_size_dt_strings(fdt));"
"C:\BoB_General\과제와실습\userland\opensrc\helpers\libfdt\fdt_wip.c","29","	memcpy((char *)propval + idx, val, len);"
"C:\BoB_General\과제와실습\userland\vcfw\rtos\rtos.h","458"," * This should normally be used only in malloc() wrappers to avoid the"
"C:\BoB_General\과제와실습\userland\vcfw\rtos\rtos.h","473","#define rtos_malloc_priority(size, align, priority, description)   malloc(size)"
"C:\BoB_General\과제와실습\userland\vcfw\rtos\rtos.h","474","#define rtos_calloc_priority(size, align, priority, description)   calloc(1,size)"
"C:\BoB_General\과제와실습\userland\vcfw\rtos\rtos.h","475","#define rtos_realloc_256bit(ret, size)   realloc(ret,size)"
"C:\BoB_General\과제와실습\userland\vcfw\rtos\rtos.h","491","#define rtos_priorityfree( buffer ) free(buffer)"
"C:\BoB_General\과제와실습\userland\vcfw\rtos\rtos.h","493","#define rtos_free_256bit( ret ) free(ret)"
"C:\BoB_General\과제와실습\userland\vcfw\rtos\rtos.h","507","#define rtos_calloc(a, b) calloc( a, b )"
"C:\BoB_General\과제와실습\userland\vcfw\rtos\rtos.h","508","#define rtos_malloc(size) malloc( size )"
"C:\BoB_General\과제와실습\userland\vcfw\vclib\vclib.h","212","#   include <stdlib.h> // For malloc() et al."
